"chrom1","pos1","chrom2","pos2","svtype","complex","sample"
"19",22936736,"4",4188431,"TRA",2,"18f5e75e-c623-11e3-bf01-24c6515278c0"
"19",22937258,"4",4188272,"TRA",2,"18f5e75e-c623-11e3-bf01-24c6515278c0"
"19",19053346,"19",19817150,"h2hINV",2,"18f5e75e-c623-11e3-bf01-24c6515278c0"
"19",19368099,"19",22447855,"t2tINV",2,"18f5e75e-c623-11e3-bf01-24c6515278c0"
"19",19769579,"19",19817431,"t2tINV",2,"18f5e75e-c623-11e3-bf01-24c6515278c0"
"19",19792588,"19",21652467,"h2hINV",2,"18f5e75e-c623-11e3-bf01-24c6515278c0"
"19",19793739,"19",21187454,"t2tINV",2,"18f5e75e-c623-11e3-bf01-24c6515278c0"
"19",20230086,"19",21142297,"DEL",2,"18f5e75e-c623-11e3-bf01-24c6515278c0"
"19",21002994,"19",23741257,"DEL",2,"18f5e75e-c623-11e3-bf01-24c6515278c0"
"1",147007657,"12",57101705,"TRA",2,"3db6e6cc-1a06-49b9-834e-b6611cde4c4b"
"1",147142704,"X",15107132,"TRA",2,"3db6e6cc-1a06-49b9-834e-b6611cde4c4b"
"1",147197395,"12",22978066,"TRA",2,"3db6e6cc-1a06-49b9-834e-b6611cde4c4b"
"1",147197399,"12",22978092,"TRA",2,"3db6e6cc-1a06-49b9-834e-b6611cde4c4b"
"1",149856049,"12",32262775,"TRA",2,"3db6e6cc-1a06-49b9-834e-b6611cde4c4b"
"1",152336363,"12",39632674,"TRA",2,"3db6e6cc-1a06-49b9-834e-b6611cde4c4b"
"1",157851165,"12",55609266,"TRA",2,"3db6e6cc-1a06-49b9-834e-b6611cde4c4b"
"1",158010717,"12",14732384,"TRA",2,"3db6e6cc-1a06-49b9-834e-b6611cde4c4b"
"1",159652813,"12",86979625,"TRA",2,"3db6e6cc-1a06-49b9-834e-b6611cde4c4b"
"1",159689708,"X",29464502,"TRA",2,"3db6e6cc-1a06-49b9-834e-b6611cde4c4b"
"1",159780220,"12",15253852,"TRA",2,"3db6e6cc-1a06-49b9-834e-b6611cde4c4b"
"1",159844836,"12",1904438,"TRA",2,"3db6e6cc-1a06-49b9-834e-b6611cde4c4b"
"1",159845212,"X",15143364,"TRA",2,"3db6e6cc-1a06-49b9-834e-b6611cde4c4b"
"1",159904887,"X",22262318,"TRA",2,"3db6e6cc-1a06-49b9-834e-b6611cde4c4b"
"1",159907575,"12",1721550,"TRA",2,"3db6e6cc-1a06-49b9-834e-b6611cde4c4b"
"1",159922306,"X",20979250,"TRA",2,"3db6e6cc-1a06-49b9-834e-b6611cde4c4b"
"1",159930241,"12",69231381,"TRA",2,"3db6e6cc-1a06-49b9-834e-b6611cde4c4b"
"1",159935330,"12",85884536,"TRA",2,"3db6e6cc-1a06-49b9-834e-b6611cde4c4b"
"1",160003193,"X",37186568,"TRA",2,"3db6e6cc-1a06-49b9-834e-b6611cde4c4b"
"1",160066520,"12",69049517,"TRA",2,"3db6e6cc-1a06-49b9-834e-b6611cde4c4b"
"1",160127601,"12",40118711,"TRA",2,"3db6e6cc-1a06-49b9-834e-b6611cde4c4b"
"1",160217736,"12",84130114,"TRA",2,"3db6e6cc-1a06-49b9-834e-b6611cde4c4b"
"1",160638350,"12",1958315,"TRA",2,"3db6e6cc-1a06-49b9-834e-b6611cde4c4b"
"1",160638351,"12",22690704,"TRA",2,"3db6e6cc-1a06-49b9-834e-b6611cde4c4b"
"1",160652153,"12",58091329,"TRA",2,"3db6e6cc-1a06-49b9-834e-b6611cde4c4b"
"1",160654419,"6",92833732,"TRA",2,"3db6e6cc-1a06-49b9-834e-b6611cde4c4b"
"1",160672378,"X",24157526,"TRA",2,"3db6e6cc-1a06-49b9-834e-b6611cde4c4b"
"1",160742274,"X",15065523,"TRA",2,"3db6e6cc-1a06-49b9-834e-b6611cde4c4b"
"1",160742319,"X",46691120,"TRA",2,"3db6e6cc-1a06-49b9-834e-b6611cde4c4b"
"1",160778847,"12",23338671,"TRA",2,"3db6e6cc-1a06-49b9-834e-b6611cde4c4b"
"1",160917920,"6",92711866,"TRA",2,"3db6e6cc-1a06-49b9-834e-b6611cde4c4b"
"1",160918792,"12",21482401,"TRA",2,"3db6e6cc-1a06-49b9-834e-b6611cde4c4b"
"1",160949589,"12",48328713,"TRA",2,"3db6e6cc-1a06-49b9-834e-b6611cde4c4b"
"1",160950734,"7",104483175,"TRA",2,"3db6e6cc-1a06-49b9-834e-b6611cde4c4b"
"1",160961590,"6",95232321,"TRA",2,"3db6e6cc-1a06-49b9-834e-b6611cde4c4b"
"1",160999575,"12",70578948,"TRA",2,"3db6e6cc-1a06-49b9-834e-b6611cde4c4b"
"1",161082317,"12",15428566,"TRA",2,"3db6e6cc-1a06-49b9-834e-b6611cde4c4b"
"1",161134227,"X",34468852,"TRA",2,"3db6e6cc-1a06-49b9-834e-b6611cde4c4b"
"1",161375499,"12",60490093,"TRA",2,"3db6e6cc-1a06-49b9-834e-b6611cde4c4b"
"1",161470710,"12",32691982,"TRA",2,"3db6e6cc-1a06-49b9-834e-b6611cde4c4b"
"1",161471929,"12",40690877,"TRA",2,"3db6e6cc-1a06-49b9-834e-b6611cde4c4b"
"1",161472436,"12",21091186,"TRA",2,"3db6e6cc-1a06-49b9-834e-b6611cde4c4b"
"1",161476823,"12",42428675,"TRA",2,"3db6e6cc-1a06-49b9-834e-b6611cde4c4b"
"1",161717279,"12",46699199,"TRA",2,"3db6e6cc-1a06-49b9-834e-b6611cde4c4b"
"1",161729157,"X",15897195,"TRA",2,"3db6e6cc-1a06-49b9-834e-b6611cde4c4b"
"1",161730590,"6",94798019,"TRA",2,"3db6e6cc-1a06-49b9-834e-b6611cde4c4b"
"1",161804670,"12",69213937,"TRA",2,"3db6e6cc-1a06-49b9-834e-b6611cde4c4b"
"1",161806086,"12",15110985,"TRA",2,"3db6e6cc-1a06-49b9-834e-b6611cde4c4b"
"1",161977731,"12",17203069,"TRA",2,"3db6e6cc-1a06-49b9-834e-b6611cde4c4b"
"1",162012859,"12",39969098,"TRA",2,"3db6e6cc-1a06-49b9-834e-b6611cde4c4b"
"1",162023474,"12",22080830,"TRA",2,"3db6e6cc-1a06-49b9-834e-b6611cde4c4b"
"1",162030033,"12",22086175,"TRA",2,"3db6e6cc-1a06-49b9-834e-b6611cde4c4b"
"1",162039361,"12",57053183,"TRA",2,"3db6e6cc-1a06-49b9-834e-b6611cde4c4b"
"1",162916694,"12",42405990,"TRA",2,"3db6e6cc-1a06-49b9-834e-b6611cde4c4b"
"1",163526923,"12",86284726,"TRA",2,"3db6e6cc-1a06-49b9-834e-b6611cde4c4b"
"1",163888189,"12",22347778,"TRA",2,"3db6e6cc-1a06-49b9-834e-b6611cde4c4b"
"1",164771181,"12",24758359,"TRA",2,"3db6e6cc-1a06-49b9-834e-b6611cde4c4b"
"1",165035906,"12",21416678,"TRA",2,"3db6e6cc-1a06-49b9-834e-b6611cde4c4b"
"1",167593968,"12",3906645,"TRA",2,"3db6e6cc-1a06-49b9-834e-b6611cde4c4b"
"1",167653295,"12",69346997,"TRA",2,"3db6e6cc-1a06-49b9-834e-b6611cde4c4b"
"1",167673972,"12",39883807,"TRA",2,"3db6e6cc-1a06-49b9-834e-b6611cde4c4b"
"1",167681092,"X",26060612,"TRA",2,"3db6e6cc-1a06-49b9-834e-b6611cde4c4b"
"1",167698576,"12",58188017,"TRA",2,"3db6e6cc-1a06-49b9-834e-b6611cde4c4b"
"1",167698577,"12",69831180,"TRA",2,"3db6e6cc-1a06-49b9-834e-b6611cde4c4b"
"1",167701837,"12",44689101,"TRA",2,"3db6e6cc-1a06-49b9-834e-b6611cde4c4b"
"1",167716376,"12",69724318,"TRA",2,"3db6e6cc-1a06-49b9-834e-b6611cde4c4b"
"1",167730987,"12",44706075,"TRA",2,"3db6e6cc-1a06-49b9-834e-b6611cde4c4b"
"1",168781254,"12",14828558,"TRA",2,"3db6e6cc-1a06-49b9-834e-b6611cde4c4b"
"1",168807297,"12",32460152,"TRA",2,"3db6e6cc-1a06-49b9-834e-b6611cde4c4b"
"1",168807297,"12",56376424,"TRA",2,"3db6e6cc-1a06-49b9-834e-b6611cde4c4b"
"1",168819097,"12",90664508,"TRA",2,"3db6e6cc-1a06-49b9-834e-b6611cde4c4b"
"1",168826999,"12",28756719,"TRA",2,"3db6e6cc-1a06-49b9-834e-b6611cde4c4b"
"1",169374511,"12",40728393,"TRA",2,"3db6e6cc-1a06-49b9-834e-b6611cde4c4b"
"1",169853760,"12",32516039,"TRA",2,"3db6e6cc-1a06-49b9-834e-b6611cde4c4b"
"1",169908937,"X",25725745,"TRA",2,"3db6e6cc-1a06-49b9-834e-b6611cde4c4b"
"1",169987411,"12",28970792,"TRA",2,"3db6e6cc-1a06-49b9-834e-b6611cde4c4b"
"1",170485984,"X",25697660,"TRA",2,"3db6e6cc-1a06-49b9-834e-b6611cde4c4b"
"1",170498533,"X",25697648,"TRA",2,"3db6e6cc-1a06-49b9-834e-b6611cde4c4b"
"1",170587086,"12",40069720,"TRA",2,"3db6e6cc-1a06-49b9-834e-b6611cde4c4b"
"1",170644510,"12",70293158,"TRA",2,"3db6e6cc-1a06-49b9-834e-b6611cde4c4b"
"1",170644511,"12",70229847,"TRA",2,"3db6e6cc-1a06-49b9-834e-b6611cde4c4b"
"1",170675943,"12",44679854,"TRA",2,"3db6e6cc-1a06-49b9-834e-b6611cde4c4b"
"1",170676350,"12",69266300,"TRA",2,"3db6e6cc-1a06-49b9-834e-b6611cde4c4b"
"1",170676363,"12",31975886,"TRA",2,"3db6e6cc-1a06-49b9-834e-b6611cde4c4b"
"1",170683891,"X",26436865,"TRA",2,"3db6e6cc-1a06-49b9-834e-b6611cde4c4b"
"1",170686634,"12",22063336,"TRA",2,"3db6e6cc-1a06-49b9-834e-b6611cde4c4b"
"1",170702408,"12",22344143,"TRA",2,"3db6e6cc-1a06-49b9-834e-b6611cde4c4b"
"1",170833400,"12",31349884,"TRA",2,"3db6e6cc-1a06-49b9-834e-b6611cde4c4b"
"1",170996168,"12",4543639,"TRA",2,"3db6e6cc-1a06-49b9-834e-b6611cde4c4b"
"1",170996743,"12",73730601,"TRA",2,"3db6e6cc-1a06-49b9-834e-b6611cde4c4b"
"1",170996852,"12",39877311,"TRA",2,"3db6e6cc-1a06-49b9-834e-b6611cde4c4b"
"1",170997823,"12",3664547,"TRA",2,"3db6e6cc-1a06-49b9-834e-b6611cde4c4b"
"1",171017881,"12",4554818,"TRA",2,"3db6e6cc-1a06-49b9-834e-b6611cde4c4b"
"1",171336823,"12",4357996,"TRA",2,"3db6e6cc-1a06-49b9-834e-b6611cde4c4b"
"1",171363400,"12",21340481,"TRA",2,"3db6e6cc-1a06-49b9-834e-b6611cde4c4b"
"1",171363535,"12",29056941,"TRA",2,"3db6e6cc-1a06-49b9-834e-b6611cde4c4b"
"1",171482000,"12",22347778,"TRA",2,"3db6e6cc-1a06-49b9-834e-b6611cde4c4b"
"1",171482167,"12",69816723,"TRA",2,"3db6e6cc-1a06-49b9-834e-b6611cde4c4b"
"1",171760854,"X",17711121,"TRA",2,"3db6e6cc-1a06-49b9-834e-b6611cde4c4b"
"1",171764213,"6",97649700,"TRA",2,"3db6e6cc-1a06-49b9-834e-b6611cde4c4b"
"1",171919094,"X",29464658,"TRA",2,"3db6e6cc-1a06-49b9-834e-b6611cde4c4b"
"1",171975904,"12",28726781,"TRA",2,"3db6e6cc-1a06-49b9-834e-b6611cde4c4b"
"1",171994409,"6",100666131,"TRA",2,"3db6e6cc-1a06-49b9-834e-b6611cde4c4b"
"1",171994444,"6",100665838,"TRA",2,"3db6e6cc-1a06-49b9-834e-b6611cde4c4b"
"1",172004719,"12",22082603,"TRA",2,"3db6e6cc-1a06-49b9-834e-b6611cde4c4b"
"1",172112120,"X",29642115,"TRA",2,"3db6e6cc-1a06-49b9-834e-b6611cde4c4b"
"1",172214290,"12",61652196,"TRA",2,"3db6e6cc-1a06-49b9-834e-b6611cde4c4b"
"1",172302421,"12",40627238,"TRA",2,"3db6e6cc-1a06-49b9-834e-b6611cde4c4b"
"12",15290599,"X",28822572,"TRA",2,"3db6e6cc-1a06-49b9-834e-b6611cde4c4b"
"12",15410158,"X",29912625,"TRA",2,"3db6e6cc-1a06-49b9-834e-b6611cde4c4b"
"12",21147634,"6",104331751,"TRA",2,"3db6e6cc-1a06-49b9-834e-b6611cde4c4b"
"12",21150071,"X",35492975,"TRA",2,"3db6e6cc-1a06-49b9-834e-b6611cde4c4b"
"12",21464266,"6",104332316,"TRA",2,"3db6e6cc-1a06-49b9-834e-b6611cde4c4b"
"12",21473038,"6",104336580,"TRA",2,"3db6e6cc-1a06-49b9-834e-b6611cde4c4b"
"12",22739971,"X",15137705,"TRA",2,"3db6e6cc-1a06-49b9-834e-b6611cde4c4b"
"12",25044644,"6",92896926,"TRA",2,"3db6e6cc-1a06-49b9-834e-b6611cde4c4b"
"12",25152472,"X",23777162,"TRA",2,"3db6e6cc-1a06-49b9-834e-b6611cde4c4b"
"12",26540160,"X",23951547,"TRA",2,"3db6e6cc-1a06-49b9-834e-b6611cde4c4b"
"12",28797569,"7",70331091,"TRA",2,"3db6e6cc-1a06-49b9-834e-b6611cde4c4b"
"12",28961767,"X",29484834,"TRA",2,"3db6e6cc-1a06-49b9-834e-b6611cde4c4b"
"12",28970796,"X",29484821,"TRA",2,"3db6e6cc-1a06-49b9-834e-b6611cde4c4b"
"12",29272400,"X",39879172,"TRA",2,"3db6e6cc-1a06-49b9-834e-b6611cde4c4b"
"12",29372519,"6",93250818,"TRA",2,"3db6e6cc-1a06-49b9-834e-b6611cde4c4b"
"12",29376539,"6",88953732,"TRA",2,"3db6e6cc-1a06-49b9-834e-b6611cde4c4b"
"12",29378931,"X",17336459,"TRA",2,"3db6e6cc-1a06-49b9-834e-b6611cde4c4b"
"12",31314345,"X",15391038,"TRA",2,"3db6e6cc-1a06-49b9-834e-b6611cde4c4b"
"12",31394220,"X",37001902,"TRA",2,"3db6e6cc-1a06-49b9-834e-b6611cde4c4b"
"12",31450280,"6",88417093,"TRA",2,"3db6e6cc-1a06-49b9-834e-b6611cde4c4b"
"12",3635421,"X",34069870,"TRA",2,"3db6e6cc-1a06-49b9-834e-b6611cde4c4b"
"12",40181293,"6",82391413,"TRA",2,"3db6e6cc-1a06-49b9-834e-b6611cde4c4b"
"12",40317932,"X",23480734,"TRA",2,"3db6e6cc-1a06-49b9-834e-b6611cde4c4b"
"12",40768780,"6",92717844,"TRA",2,"3db6e6cc-1a06-49b9-834e-b6611cde4c4b"
"12",40795718,"X",18046671,"TRA",2,"3db6e6cc-1a06-49b9-834e-b6611cde4c4b"
"12",40796350,"X",23979471,"TRA",2,"3db6e6cc-1a06-49b9-834e-b6611cde4c4b"
"12",40856802,"X",9583837,"TRA",2,"3db6e6cc-1a06-49b9-834e-b6611cde4c4b"
"12",4209580,"X",28246628,"TRA",2,"3db6e6cc-1a06-49b9-834e-b6611cde4c4b"
"12",4374024,"X",46738206,"TRA",2,"3db6e6cc-1a06-49b9-834e-b6611cde4c4b"
"12",4438325,"X",29457837,"TRA",2,"3db6e6cc-1a06-49b9-834e-b6611cde4c4b"
"12",44698837,"X",22850536,"TRA",2,"3db6e6cc-1a06-49b9-834e-b6611cde4c4b"
"12",48062201,"X",37319884,"TRA",2,"3db6e6cc-1a06-49b9-834e-b6611cde4c4b"
"12",48745706,"X",32222163,"TRA",2,"3db6e6cc-1a06-49b9-834e-b6611cde4c4b"
"12",48996976,"X",15269550,"TRA",2,"3db6e6cc-1a06-49b9-834e-b6611cde4c4b"
"12",48997441,"6",104338871,"TRA",2,"3db6e6cc-1a06-49b9-834e-b6611cde4c4b"
"12",56229633,"X",39922025,"TRA",2,"3db6e6cc-1a06-49b9-834e-b6611cde4c4b"
"12",56317729,"X",25670973,"TRA",2,"3db6e6cc-1a06-49b9-834e-b6611cde4c4b"
"12",56364799,"6",104336142,"TRA",2,"3db6e6cc-1a06-49b9-834e-b6611cde4c4b"
"12",56365038,"X",15152249,"TRA",2,"3db6e6cc-1a06-49b9-834e-b6611cde4c4b"
"12",56571263,"6",97349739,"TRA",2,"3db6e6cc-1a06-49b9-834e-b6611cde4c4b"
"12",57125627,"7",67713153,"TRA",2,"3db6e6cc-1a06-49b9-834e-b6611cde4c4b"
"12",57134755,"7",149217688,"TRA",2,"3db6e6cc-1a06-49b9-834e-b6611cde4c4b"
"12",58294519,"X",16433222,"TRA",2,"3db6e6cc-1a06-49b9-834e-b6611cde4c4b"
"12",58295993,"X",16393752,"TRA",2,"3db6e6cc-1a06-49b9-834e-b6611cde4c4b"
"12",61906171,"X",28809819,"TRA",2,"3db6e6cc-1a06-49b9-834e-b6611cde4c4b"
"12",69332856,"X",22282503,"TRA",2,"3db6e6cc-1a06-49b9-834e-b6611cde4c4b"
"12",69333542,"X",23950335,"TRA",2,"3db6e6cc-1a06-49b9-834e-b6611cde4c4b"
"12",69338447,"X",15892565,"TRA",2,"3db6e6cc-1a06-49b9-834e-b6611cde4c4b"
"12",69666278,"7",92243346,"TRA",2,"3db6e6cc-1a06-49b9-834e-b6611cde4c4b"
"12",69717541,"X",31619501,"TRA",2,"3db6e6cc-1a06-49b9-834e-b6611cde4c4b"
"12",69876478,"7",138758250,"TRA",2,"3db6e6cc-1a06-49b9-834e-b6611cde4c4b"
"12",69892212,"7",148865102,"TRA",2,"3db6e6cc-1a06-49b9-834e-b6611cde4c4b"
"12",69912233,"7",138983639,"TRA",2,"3db6e6cc-1a06-49b9-834e-b6611cde4c4b"
"12",70578552,"X",17628177,"TRA",2,"3db6e6cc-1a06-49b9-834e-b6611cde4c4b"
"12",70644865,"X",29599394,"TRA",2,"3db6e6cc-1a06-49b9-834e-b6611cde4c4b"
"12",70644874,"X",29599349,"TRA",2,"3db6e6cc-1a06-49b9-834e-b6611cde4c4b"
"12",70668381,"X",39611731,"TRA",2,"3db6e6cc-1a06-49b9-834e-b6611cde4c4b"
"12",70697633,"X",29622167,"TRA",2,"3db6e6cc-1a06-49b9-834e-b6611cde4c4b"
"12",70701665,"X",29634590,"TRA",2,"3db6e6cc-1a06-49b9-834e-b6611cde4c4b"
"12",83879176,"X",32535482,"TRA",2,"3db6e6cc-1a06-49b9-834e-b6611cde4c4b"
"12",83879225,"X",32535482,"TRA",2,"3db6e6cc-1a06-49b9-834e-b6611cde4c4b"
"12",83949501,"X",32141609,"TRA",2,"3db6e6cc-1a06-49b9-834e-b6611cde4c4b"
"12",83950138,"X",32140397,"TRA",2,"3db6e6cc-1a06-49b9-834e-b6611cde4c4b"
"12",87012394,"X",36154815,"TRA",2,"3db6e6cc-1a06-49b9-834e-b6611cde4c4b"
"12",87013547,"X",36267996,"TRA",2,"3db6e6cc-1a06-49b9-834e-b6611cde4c4b"
"12",87014067,"X",36157298,"TRA",2,"3db6e6cc-1a06-49b9-834e-b6611cde4c4b"
"12",87014186,"X",36155082,"TRA",2,"3db6e6cc-1a06-49b9-834e-b6611cde4c4b"
"12",87014354,"X",31687153,"TRA",2,"3db6e6cc-1a06-49b9-834e-b6611cde4c4b"
"12",87155837,"X",33529303,"TRA",2,"3db6e6cc-1a06-49b9-834e-b6611cde4c4b"
"12",87207793,"X",35975253,"TRA",2,"3db6e6cc-1a06-49b9-834e-b6611cde4c4b"
"12",87420538,"7",104343665,"TRA",2,"3db6e6cc-1a06-49b9-834e-b6611cde4c4b"
"12",90768872,"7",71625555,"TRA",2,"3db6e6cc-1a06-49b9-834e-b6611cde4c4b"
"12",91238220,"7",104483981,"TRA",2,"3db6e6cc-1a06-49b9-834e-b6611cde4c4b"
"12",91242665,"6",104336992,"TRA",2,"3db6e6cc-1a06-49b9-834e-b6611cde4c4b"
"12",91381341,"X",23170852,"TRA",2,"3db6e6cc-1a06-49b9-834e-b6611cde4c4b"
"12",91454275,"X",29910199,"TRA",2,"3db6e6cc-1a06-49b9-834e-b6611cde4c4b"
"6",104336689,"X",46642498,"TRA",2,"3db6e6cc-1a06-49b9-834e-b6611cde4c4b"
"6",105156216,"X",34240610,"TRA",2,"3db6e6cc-1a06-49b9-834e-b6611cde4c4b"
"6",105273464,"X",34240395,"TRA",2,"3db6e6cc-1a06-49b9-834e-b6611cde4c4b"
"6",105768602,"X",21977985,"TRA",2,"3db6e6cc-1a06-49b9-834e-b6611cde4c4b"
"6",105887226,"X",32083396,"TRA",2,"3db6e6cc-1a06-49b9-834e-b6611cde4c4b"
"6",82279193,"X",40233863,"TRA",2,"3db6e6cc-1a06-49b9-834e-b6611cde4c4b"
"6",88949098,"X",16295046,"TRA",2,"3db6e6cc-1a06-49b9-834e-b6611cde4c4b"
"6",90889184,"X",16295046,"TRA",2,"3db6e6cc-1a06-49b9-834e-b6611cde4c4b"
"6",90900346,"X",27075335,"TRA",2,"3db6e6cc-1a06-49b9-834e-b6611cde4c4b"
"6",90900867,"X",34465126,"TRA",2,"3db6e6cc-1a06-49b9-834e-b6611cde4c4b"
"6",92717733,"7",104478543,"TRA",2,"3db6e6cc-1a06-49b9-834e-b6611cde4c4b"
"6",92759398,"X",34465278,"TRA",2,"3db6e6cc-1a06-49b9-834e-b6611cde4c4b"
"6",94962432,"X",27643885,"TRA",2,"3db6e6cc-1a06-49b9-834e-b6611cde4c4b"
"6",96213078,"X",17854887,"TRA",2,"3db6e6cc-1a06-49b9-834e-b6611cde4c4b"
"6",97508166,"X",18772981,"TRA",2,"3db6e6cc-1a06-49b9-834e-b6611cde4c4b"
"6",99420203,"X",16886300,"TRA",2,"3db6e6cc-1a06-49b9-834e-b6611cde4c4b"
"7",104479042,"X",29693159,"TRA",2,"3db6e6cc-1a06-49b9-834e-b6611cde4c4b"
"7",114222069,"X",30700817,"TRA",2,"3db6e6cc-1a06-49b9-834e-b6611cde4c4b"
"7",114366386,"X",19445555,"TRA",2,"3db6e6cc-1a06-49b9-834e-b6611cde4c4b"
"7",135637619,"X",30901753,"TRA",2,"3db6e6cc-1a06-49b9-834e-b6611cde4c4b"
"7",150579241,"X",30700818,"TRA",2,"3db6e6cc-1a06-49b9-834e-b6611cde4c4b"
"7",65538566,"X",30924118,"TRA",2,"3db6e6cc-1a06-49b9-834e-b6611cde4c4b"
"7",65612824,"X",15949877,"TRA",2,"3db6e6cc-1a06-49b9-834e-b6611cde4c4b"
"7",65813357,"X",30901894,"TRA",2,"3db6e6cc-1a06-49b9-834e-b6611cde4c4b"
"7",66220170,"X",30988140,"TRA",2,"3db6e6cc-1a06-49b9-834e-b6611cde4c4b"
"7",72246730,"X",16321804,"TRA",2,"3db6e6cc-1a06-49b9-834e-b6611cde4c4b"
"7",76445501,"X",16289637,"TRA",2,"3db6e6cc-1a06-49b9-834e-b6611cde4c4b"
"7",76835137,"X",33197278,"TRA",2,"3db6e6cc-1a06-49b9-834e-b6611cde4c4b"
"7",76843041,"X",33197333,"TRA",2,"3db6e6cc-1a06-49b9-834e-b6611cde4c4b"
"7",94006592,"X",19722736,"TRA",2,"3db6e6cc-1a06-49b9-834e-b6611cde4c4b"
"1",145028118,"1",167437968,"DEL",2,"3db6e6cc-1a06-49b9-834e-b6611cde4c4b"
"1",146839168,"1",152360489,"DUP",2,"3db6e6cc-1a06-49b9-834e-b6611cde4c4b"
"1",146875365,"1",169438295,"DUP",2,"3db6e6cc-1a06-49b9-834e-b6611cde4c4b"
"1",147216019,"1",169723383,"DEL",2,"3db6e6cc-1a06-49b9-834e-b6611cde4c4b"
"1",150141148,"1",159808421,"DEL",2,"3db6e6cc-1a06-49b9-834e-b6611cde4c4b"
"1",151754497,"1",167707134,"DEL",2,"3db6e6cc-1a06-49b9-834e-b6611cde4c4b"
"1",151764497,"1",170702513,"h2hINV",2,"3db6e6cc-1a06-49b9-834e-b6611cde4c4b"
"1",151810468,"1",162293690,"DEL",2,"3db6e6cc-1a06-49b9-834e-b6611cde4c4b"
"1",153845607,"1",167923223,"DUP",2,"3db6e6cc-1a06-49b9-834e-b6611cde4c4b"
"1",153848053,"1",161105687,"DEL",2,"3db6e6cc-1a06-49b9-834e-b6611cde4c4b"
"1",154873651,"1",163525679,"DUP",2,"3db6e6cc-1a06-49b9-834e-b6611cde4c4b"
"1",154873689,"1",163525238,"t2tINV",2,"3db6e6cc-1a06-49b9-834e-b6611cde4c4b"
"1",154874196,"1",159241919,"DEL",2,"3db6e6cc-1a06-49b9-834e-b6611cde4c4b"
"1",154913295,"1",163623162,"h2hINV",2,"3db6e6cc-1a06-49b9-834e-b6611cde4c4b"
"1",158553904,"1",160386463,"t2tINV",2,"3db6e6cc-1a06-49b9-834e-b6611cde4c4b"
"1",158558315,"1",162987085,"h2hINV",2,"3db6e6cc-1a06-49b9-834e-b6611cde4c4b"
"1",158854382,"1",171509648,"DUP",2,"3db6e6cc-1a06-49b9-834e-b6611cde4c4b"
"1",159683764,"1",170833776,"h2hINV",2,"3db6e6cc-1a06-49b9-834e-b6611cde4c4b"
"1",160582600,"1",172009311,"DUP",2,"3db6e6cc-1a06-49b9-834e-b6611cde4c4b"
"1",162026225,"1",162866954,"h2hINV",2,"3db6e6cc-1a06-49b9-834e-b6611cde4c4b"
"1",163888000,"1",171482000,"t2tINV",2,"3db6e6cc-1a06-49b9-834e-b6611cde4c4b"
"1",170677134,"1",170925769,"t2tINV",2,"3db6e6cc-1a06-49b9-834e-b6611cde4c4b"
"12",13958456,"12",28663884,"DUP",2,"3db6e6cc-1a06-49b9-834e-b6611cde4c4b"
"12",14152884,"12",56580985,"h2hINV",2,"3db6e6cc-1a06-49b9-834e-b6611cde4c4b"
"12",15062953,"12",22847577,"DUP",2,"3db6e6cc-1a06-49b9-834e-b6611cde4c4b"
"12",15101135,"12",69407238,"h2hINV",2,"3db6e6cc-1a06-49b9-834e-b6611cde4c4b"
"12",15183216,"12",32429630,"t2tINV",2,"3db6e6cc-1a06-49b9-834e-b6611cde4c4b"
"12",15259451,"12",48886497,"DUP",2,"3db6e6cc-1a06-49b9-834e-b6611cde4c4b"
"12",15327825,"12",87359141,"h2hINV",2,"3db6e6cc-1a06-49b9-834e-b6611cde4c4b"
"12",15464986,"12",43951563,"h2hINV",2,"3db6e6cc-1a06-49b9-834e-b6611cde4c4b"
"12",1653428,"12",28489905,"t2tINV",2,"3db6e6cc-1a06-49b9-834e-b6611cde4c4b"
"12",1711562,"12",69246127,"DUP",2,"3db6e6cc-1a06-49b9-834e-b6611cde4c4b"
"12",17335593,"12",25064297,"h2hINV",2,"3db6e6cc-1a06-49b9-834e-b6611cde4c4b"
"12",1787323,"12",69329371,"h2hINV",2,"3db6e6cc-1a06-49b9-834e-b6611cde4c4b"
"12",1787334,"12",58405881,"DUP",2,"3db6e6cc-1a06-49b9-834e-b6611cde4c4b"
"12",1870742,"12",40448283,"h2hINV",2,"3db6e6cc-1a06-49b9-834e-b6611cde4c4b"
"12",1958313,"12",22690498,"DEL",2,"3db6e6cc-1a06-49b9-834e-b6611cde4c4b"
"12",2027806,"12",56018681,"h2hINV",2,"3db6e6cc-1a06-49b9-834e-b6611cde4c4b"
"12",21147677,"12",40771757,"DUP",2,"3db6e6cc-1a06-49b9-834e-b6611cde4c4b"
"12",21462379,"12",91264530,"h2hINV",2,"3db6e6cc-1a06-49b9-834e-b6611cde4c4b"
"12",21528045,"12",31376069,"t2tINV",2,"3db6e6cc-1a06-49b9-834e-b6611cde4c4b"
"12",21528090,"12",58471892,"DEL",2,"3db6e6cc-1a06-49b9-834e-b6611cde4c4b"
"12",21578596,"12",87444532,"DEL",2,"3db6e6cc-1a06-49b9-834e-b6611cde4c4b"
"12",21999214,"12",48319079,"DUP",2,"3db6e6cc-1a06-49b9-834e-b6611cde4c4b"
"12",22102783,"12",90615392,"DEL",2,"3db6e6cc-1a06-49b9-834e-b6611cde4c4b"
"12",22363021,"12",39645829,"h2hINV",2,"3db6e6cc-1a06-49b9-834e-b6611cde4c4b"
"12",22383953,"12",87383668,"DUP",2,"3db6e6cc-1a06-49b9-834e-b6611cde4c4b"
"12",22426649,"12",69824865,"DEL",2,"3db6e6cc-1a06-49b9-834e-b6611cde4c4b"
"12",22639756,"12",48332268,"DUP",2,"3db6e6cc-1a06-49b9-834e-b6611cde4c4b"
"12",22815736,"12",25133698,"DUP",2,"3db6e6cc-1a06-49b9-834e-b6611cde4c4b"
"12",22816127,"12",87330512,"DUP",2,"3db6e6cc-1a06-49b9-834e-b6611cde4c4b"
"12",22851330,"12",43583201,"t2tINV",2,"3db6e6cc-1a06-49b9-834e-b6611cde4c4b"
"12",22944969,"12",57101718,"t2tINV",2,"3db6e6cc-1a06-49b9-834e-b6611cde4c4b"
"12",22975112,"12",39993268,"DUP",2,"3db6e6cc-1a06-49b9-834e-b6611cde4c4b"
"12",22995840,"12",68499822,"h2hINV",2,"3db6e6cc-1a06-49b9-834e-b6611cde4c4b"
"12",23312565,"12",25152400,"DUP",2,"3db6e6cc-1a06-49b9-834e-b6611cde4c4b"
"12",23321255,"12",69351931,"h2hINV",2,"3db6e6cc-1a06-49b9-834e-b6611cde4c4b"
"12",24515652,"12",46638827,"t2tINV",2,"3db6e6cc-1a06-49b9-834e-b6611cde4c4b"
"12",24578406,"12",31633545,"DEL",2,"3db6e6cc-1a06-49b9-834e-b6611cde4c4b"
"12",24579796,"12",68387731,"t2tINV",2,"3db6e6cc-1a06-49b9-834e-b6611cde4c4b"
"12",24594889,"12",69329660,"DEL",2,"3db6e6cc-1a06-49b9-834e-b6611cde4c4b"
"12",25070828,"12",57223077,"DUP",2,"3db6e6cc-1a06-49b9-834e-b6611cde4c4b"
"12",25159949,"12",91238539,"h2hINV",2,"3db6e6cc-1a06-49b9-834e-b6611cde4c4b"
"12",25230167,"12",43563025,"DEL",2,"3db6e6cc-1a06-49b9-834e-b6611cde4c4b"
"12",26528884,"12",87501628,"DUP",2,"3db6e6cc-1a06-49b9-834e-b6611cde4c4b"
"12",26534310,"12",69065594,"t2tINV",2,"3db6e6cc-1a06-49b9-834e-b6611cde4c4b"
"12",26575095,"12",44773836,"h2hINV",2,"3db6e6cc-1a06-49b9-834e-b6611cde4c4b"
"12",29132757,"12",29365090,"h2hINV",2,"3db6e6cc-1a06-49b9-834e-b6611cde4c4b"
"12",29146473,"12",31609396,"t2tINV",2,"3db6e6cc-1a06-49b9-834e-b6611cde4c4b"
"12",29208899,"12",58397608,"t2tINV",2,"3db6e6cc-1a06-49b9-834e-b6611cde4c4b"
"12",29214774,"12",31387000,"h2hINV",2,"3db6e6cc-1a06-49b9-834e-b6611cde4c4b"
"12",29271136,"12",69252863,"h2hINV",2,"3db6e6cc-1a06-49b9-834e-b6611cde4c4b"
"12",29272065,"12",69251709,"DEL",2,"3db6e6cc-1a06-49b9-834e-b6611cde4c4b"
"12",31310749,"12",69401156,"DUP",2,"3db6e6cc-1a06-49b9-834e-b6611cde4c4b"
"12",31376049,"12",57098616,"DEL",2,"3db6e6cc-1a06-49b9-834e-b6611cde4c4b"
"12",31612232,"12",48085355,"h2hINV",2,"3db6e6cc-1a06-49b9-834e-b6611cde4c4b"
"12",31721638,"12",70761852,"h2hINV",2,"3db6e6cc-1a06-49b9-834e-b6611cde4c4b"
"12",31975623,"12",69266316,"t2tINV",2,"3db6e6cc-1a06-49b9-834e-b6611cde4c4b"
"12",31975858,"12",69266124,"DEL",2,"3db6e6cc-1a06-49b9-834e-b6611cde4c4b"
"12",32204303,"12",40971709,"t2tINV",2,"3db6e6cc-1a06-49b9-834e-b6611cde4c4b"
"12",32369984,"12",69267495,"DEL",2,"3db6e6cc-1a06-49b9-834e-b6611cde4c4b"
"12",32460051,"12",56376381,"DUP",2,"3db6e6cc-1a06-49b9-834e-b6611cde4c4b"
"12",32488003,"12",58084463,"DEL",2,"3db6e6cc-1a06-49b9-834e-b6611cde4c4b"
"12",3666349,"12",58135172,"t2tINV",2,"3db6e6cc-1a06-49b9-834e-b6611cde4c4b"
"12",3669085,"12",81655852,"t2tINV",2,"3db6e6cc-1a06-49b9-834e-b6611cde4c4b"
"12",3677971,"12",31609395,"t2tINV",2,"3db6e6cc-1a06-49b9-834e-b6611cde4c4b"
"12",3677972,"12",29146786,"DUP",2,"3db6e6cc-1a06-49b9-834e-b6611cde4c4b"
"12",3678362,"12",58117421,"DEL",2,"3db6e6cc-1a06-49b9-834e-b6611cde4c4b"
"12",3916825,"12",69329657,"t2tINV",2,"3db6e6cc-1a06-49b9-834e-b6611cde4c4b"
"12",3916826,"12",24594766,"t2tINV",2,"3db6e6cc-1a06-49b9-834e-b6611cde4c4b"
"12",3918888,"12",69266638,"h2hINV",2,"3db6e6cc-1a06-49b9-834e-b6611cde4c4b"
"12",3918935,"12",31975623,"DEL",2,"3db6e6cc-1a06-49b9-834e-b6611cde4c4b"
"12",39329056,"12",60314112,"DEL",2,"3db6e6cc-1a06-49b9-834e-b6611cde4c4b"
"12",39796415,"12",73684304,"t2tINV",2,"3db6e6cc-1a06-49b9-834e-b6611cde4c4b"
"12",39797423,"12",42348380,"DEL",2,"3db6e6cc-1a06-49b9-834e-b6611cde4c4b"
"12",39936470,"12",59874626,"t2tINV",2,"3db6e6cc-1a06-49b9-834e-b6611cde4c4b"
"12",40057603,"12",42834907,"t2tINV",2,"3db6e6cc-1a06-49b9-834e-b6611cde4c4b"
"12",40110500,"12",70208032,"DUP",2,"3db6e6cc-1a06-49b9-834e-b6611cde4c4b"
"12",40111102,"12",56180203,"h2hINV",2,"3db6e6cc-1a06-49b9-834e-b6611cde4c4b"
"12",40257228,"12",69338456,"t2tINV",2,"3db6e6cc-1a06-49b9-834e-b6611cde4c4b"
"12",4035749,"12",40967072,"DUP",2,"3db6e6cc-1a06-49b9-834e-b6611cde4c4b"
"12",40384004,"12",69407086,"t2tINV",2,"3db6e6cc-1a06-49b9-834e-b6611cde4c4b"
"12",40385137,"12",40462502,"DEL",2,"3db6e6cc-1a06-49b9-834e-b6611cde4c4b"
"12",40448364,"12",68439475,"t2tINV",2,"3db6e6cc-1a06-49b9-834e-b6611cde4c4b"
"12",4047960,"12",87383698,"DUP",2,"3db6e6cc-1a06-49b9-834e-b6611cde4c4b"
"12",4048061,"12",22383952,"DEL",2,"3db6e6cc-1a06-49b9-834e-b6611cde4c4b"
"12",40529530,"12",69448836,"h2hINV",2,"3db6e6cc-1a06-49b9-834e-b6611cde4c4b"
"12",40771358,"12",58331370,"DUP",2,"3db6e6cc-1a06-49b9-834e-b6611cde4c4b"
"12",40964417,"12",48804021,"t2tINV",2,"3db6e6cc-1a06-49b9-834e-b6611cde4c4b"
"12",40989675,"12",81750129,"DUP",2,"3db6e6cc-1a06-49b9-834e-b6611cde4c4b"
"12",41039537,"12",48987039,"t2tINV",2,"3db6e6cc-1a06-49b9-834e-b6611cde4c4b"
"12",41071254,"12",68349489,"h2hINV",2,"3db6e6cc-1a06-49b9-834e-b6611cde4c4b"
"12",41072967,"12",59909702,"DUP",2,"3db6e6cc-1a06-49b9-834e-b6611cde4c4b"
"12",41087571,"12",56203120,"DEL",2,"3db6e6cc-1a06-49b9-834e-b6611cde4c4b"
"12",41108554,"12",68338357,"DEL",2,"3db6e6cc-1a06-49b9-834e-b6611cde4c4b"
"12",4167524,"12",25152396,"DUP",2,"3db6e6cc-1a06-49b9-834e-b6611cde4c4b"
"12",4167688,"12",23312566,"DEL",2,"3db6e6cc-1a06-49b9-834e-b6611cde4c4b"
"12",42841467,"12",58133953,"h2hINV",2,"3db6e6cc-1a06-49b9-834e-b6611cde4c4b"
"12",42843141,"12",70290986,"DUP",2,"3db6e6cc-1a06-49b9-834e-b6611cde4c4b"
"12",43038104,"12",60517347,"h2hINV",2,"3db6e6cc-1a06-49b9-834e-b6611cde4c4b"
"12",43581401,"12",48742908,"DEL",2,"3db6e6cc-1a06-49b9-834e-b6611cde4c4b"
"12",43692265,"12",49086161,"h2hINV",2,"3db6e6cc-1a06-49b9-834e-b6611cde4c4b"
"12",43922067,"12",58491566,"DUP",2,"3db6e6cc-1a06-49b9-834e-b6611cde4c4b"
"12",44585325,"12",83866071,"t2tINV",2,"3db6e6cc-1a06-49b9-834e-b6611cde4c4b"
"12",4461922,"12",24561781,"DEL",2,"3db6e6cc-1a06-49b9-834e-b6611cde4c4b"
"12",48060222,"12",68936240,"t2tINV",2,"3db6e6cc-1a06-49b9-834e-b6611cde4c4b"
"12",48124714,"12",56363943,"t2tINV",2,"3db6e6cc-1a06-49b9-834e-b6611cde4c4b"
"12",48751235,"12",56565180,"t2tINV",2,"3db6e6cc-1a06-49b9-834e-b6611cde4c4b"
"12",56024598,"12",69632586,"h2hINV",2,"3db6e6cc-1a06-49b9-834e-b6611cde4c4b"
"12",57174200,"12",69488486,"DUP",2,"3db6e6cc-1a06-49b9-834e-b6611cde4c4b"
"12",58188127,"12",69831224,"h2hINV",2,"3db6e6cc-1a06-49b9-834e-b6611cde4c4b"
"12",68451793,"12",81749110,"DEL",2,"3db6e6cc-1a06-49b9-834e-b6611cde4c4b"
"12",69073081,"12",70705212,"h2hINV",2,"3db6e6cc-1a06-49b9-834e-b6611cde4c4b"
"12",69219293,"12",69250694,"DEL",2,"3db6e6cc-1a06-49b9-834e-b6611cde4c4b"
"12",69240408,"12",69918430,"DUP",2,"3db6e6cc-1a06-49b9-834e-b6611cde4c4b"
"12",69412417,"12",87317845,"DEL",2,"3db6e6cc-1a06-49b9-834e-b6611cde4c4b"
"12",69416458,"12",69484745,"t2tINV",2,"3db6e6cc-1a06-49b9-834e-b6611cde4c4b"
"12",70229847,"12",70292927,"t2tINV",2,"3db6e6cc-1a06-49b9-834e-b6611cde4c4b"
"6",97493980,"6",100516115,"DEL",2,"3db6e6cc-1a06-49b9-834e-b6611cde4c4b"
"6",97493988,"6",99466282,"h2hINV",2,"3db6e6cc-1a06-49b9-834e-b6611cde4c4b"
"6",99466281,"6",100516286,"h2hINV",2,"3db6e6cc-1a06-49b9-834e-b6611cde4c4b"
"7",105122175,"7",150658966,"DEL",2,"3db6e6cc-1a06-49b9-834e-b6611cde4c4b"
"7",114222069,"7",114224688,"DUP",2,"3db6e6cc-1a06-49b9-834e-b6611cde4c4b"
"7",114222070,"7",150579465,"DUP",2,"3db6e6cc-1a06-49b9-834e-b6611cde4c4b"
"7",114224656,"7",150579308,"DEL",2,"3db6e6cc-1a06-49b9-834e-b6611cde4c4b"
"7",114631928,"7",132841543,"DEL",2,"3db6e6cc-1a06-49b9-834e-b6611cde4c4b"
"7",132917721,"7",134467613,"DUP",2,"3db6e6cc-1a06-49b9-834e-b6611cde4c4b"
"7",132994608,"7",134781406,"DEL",2,"3db6e6cc-1a06-49b9-834e-b6611cde4c4b"
"7",65666838,"7",134581765,"DEL",2,"3db6e6cc-1a06-49b9-834e-b6611cde4c4b"
"7",65813356,"7",135637646,"DUP",2,"3db6e6cc-1a06-49b9-834e-b6611cde4c4b"
"7",71520699,"7",119064571,"h2hINV",2,"3db6e6cc-1a06-49b9-834e-b6611cde4c4b"
"7",71520705,"7",71759934,"DEL",2,"3db6e6cc-1a06-49b9-834e-b6611cde4c4b"
"7",71759933,"7",119064355,"t2tINV",2,"3db6e6cc-1a06-49b9-834e-b6611cde4c4b"
"7",75678699,"7",76843106,"h2hINV",2,"3db6e6cc-1a06-49b9-834e-b6611cde4c4b"
"7",76445505,"7",76836795,"DUP",2,"3db6e6cc-1a06-49b9-834e-b6611cde4c4b"
"7",76835135,"7",76843360,"DUP",2,"3db6e6cc-1a06-49b9-834e-b6611cde4c4b"
"7",79518348,"7",99635918,"h2hINV",2,"3db6e6cc-1a06-49b9-834e-b6611cde4c4b"
"7",89725829,"7",150670275,"DUP",2,"3db6e6cc-1a06-49b9-834e-b6611cde4c4b"
"7",99608232,"7",138756830,"DUP",2,"3db6e6cc-1a06-49b9-834e-b6611cde4c4b"
"X",16247628,"X",17854442,"t2tINV",2,"3db6e6cc-1a06-49b9-834e-b6611cde4c4b"
"X",16328787,"X",17749091,"DUP",2,"3db6e6cc-1a06-49b9-834e-b6611cde4c4b"
"X",16367846,"X",17998111,"DEL",2,"3db6e6cc-1a06-49b9-834e-b6611cde4c4b"
"X",16410025,"X",39925864,"DUP",2,"3db6e6cc-1a06-49b9-834e-b6611cde4c4b"
"X",16415157,"X",21079699,"h2hINV",2,"3db6e6cc-1a06-49b9-834e-b6611cde4c4b"
"X",17383490,"X",18777486,"t2tINV",2,"3db6e6cc-1a06-49b9-834e-b6611cde4c4b"
"X",17385072,"X",18772000,"DEL",2,"3db6e6cc-1a06-49b9-834e-b6611cde4c4b"
"X",17497526,"X",17616759,"DEL",2,"3db6e6cc-1a06-49b9-834e-b6611cde4c4b"
"X",17613825,"X",31168482,"DUP",2,"3db6e6cc-1a06-49b9-834e-b6611cde4c4b"
"X",19114488,"X",29509955,"DUP",2,"3db6e6cc-1a06-49b9-834e-b6611cde4c4b"
"X",23469369,"X",23804606,"DUP",2,"3db6e6cc-1a06-49b9-834e-b6611cde4c4b"
"X",23478945,"X",23963612,"DEL",2,"3db6e6cc-1a06-49b9-834e-b6611cde4c4b"
"X",23952873,"X",27425515,"DEL",2,"3db6e6cc-1a06-49b9-834e-b6611cde4c4b"
"X",27074831,"X",32092266,"t2tINV",2,"3db6e6cc-1a06-49b9-834e-b6611cde4c4b"
"X",28629185,"X",29676177,"DEL",2,"3db6e6cc-1a06-49b9-834e-b6611cde4c4b"
"X",28698184,"X",29599438,"DEL",2,"3db6e6cc-1a06-49b9-834e-b6611cde4c4b"
"X",29199111,"X",29683110,"DEL",2,"3db6e6cc-1a06-49b9-834e-b6611cde4c4b"
"X",36091249,"X",39057244,"DEL",2,"3db6e6cc-1a06-49b9-834e-b6611cde4c4b"
"X",36293910,"X",46643679,"DUP",2,"3db6e6cc-1a06-49b9-834e-b6611cde4c4b"
"X",37509406,"X",40230124,"DEL",2,"3db6e6cc-1a06-49b9-834e-b6611cde4c4b"
"13",100676807,"5",107652778,"TRA",2,"c00de7a0-0b09-4e07-988c-ef2a7f8e932a"
"13",101715922,"5",130609159,"TRA",2,"c00de7a0-0b09-4e07-988c-ef2a7f8e932a"
"13",102279947,"5",89031166,"TRA",2,"c00de7a0-0b09-4e07-988c-ef2a7f8e932a"
"13",102284512,"5",159589138,"TRA",2,"c00de7a0-0b09-4e07-988c-ef2a7f8e932a"
"13",102306933,"5",6257957,"TRA",2,"c00de7a0-0b09-4e07-988c-ef2a7f8e932a"
"13",102399404,"5",148828921,"TRA",2,"c00de7a0-0b09-4e07-988c-ef2a7f8e932a"
"13",102600632,"5",121777539,"TRA",2,"c00de7a0-0b09-4e07-988c-ef2a7f8e932a"
"13",102887095,"5",179738417,"TRA",2,"c00de7a0-0b09-4e07-988c-ef2a7f8e932a"
"13",103145270,"5",94329492,"TRA",2,"c00de7a0-0b09-4e07-988c-ef2a7f8e932a"
"13",103271595,"5",6260229,"TRA",2,"c00de7a0-0b09-4e07-988c-ef2a7f8e932a"
"13",105298536,"5",160772662,"TRA",2,"c00de7a0-0b09-4e07-988c-ef2a7f8e932a"
"13",105320797,"5",935378,"TRA",2,"c00de7a0-0b09-4e07-988c-ef2a7f8e932a"
"13",106003544,"5",131200165,"TRA",2,"c00de7a0-0b09-4e07-988c-ef2a7f8e932a"
"13",107703031,"5",113603196,"TRA",2,"c00de7a0-0b09-4e07-988c-ef2a7f8e932a"
"13",107840052,"5",142086078,"TRA",2,"c00de7a0-0b09-4e07-988c-ef2a7f8e932a"
"13",107930899,"5",147842452,"TRA",2,"c00de7a0-0b09-4e07-988c-ef2a7f8e932a"
"13",107933227,"5",133271812,"TRA",2,"c00de7a0-0b09-4e07-988c-ef2a7f8e932a"
"13",110836715,"5",94658735,"TRA",2,"c00de7a0-0b09-4e07-988c-ef2a7f8e932a"
"13",110928177,"5",95605988,"TRA",2,"c00de7a0-0b09-4e07-988c-ef2a7f8e932a"
"13",111674401,"5",35197562,"TRA",2,"c00de7a0-0b09-4e07-988c-ef2a7f8e932a"
"13",112685048,"5",131332533,"TRA",2,"c00de7a0-0b09-4e07-988c-ef2a7f8e932a"
"13",113745801,"5",166102521,"TRA",2,"c00de7a0-0b09-4e07-988c-ef2a7f8e932a"
"13",113746118,"5",145817956,"TRA",2,"c00de7a0-0b09-4e07-988c-ef2a7f8e932a"
"13",113767874,"5",6297237,"TRA",2,"c00de7a0-0b09-4e07-988c-ef2a7f8e932a"
"13",113987798,"5",143717231,"TRA",2,"c00de7a0-0b09-4e07-988c-ef2a7f8e932a"
"13",115048448,"5",112966593,"TRA",2,"c00de7a0-0b09-4e07-988c-ef2a7f8e932a"
"13",20619377,"5",156242667,"TRA",2,"c00de7a0-0b09-4e07-988c-ef2a7f8e932a"
"13",23740646,"5",118732753,"TRA",2,"c00de7a0-0b09-4e07-988c-ef2a7f8e932a"
"13",25407736,"5",150583572,"TRA",2,"c00de7a0-0b09-4e07-988c-ef2a7f8e932a"
"13",25679869,"5",104810319,"TRA",2,"c00de7a0-0b09-4e07-988c-ef2a7f8e932a"
"13",28332672,"5",143838889,"TRA",2,"c00de7a0-0b09-4e07-988c-ef2a7f8e932a"
"13",28534919,"5",114329831,"TRA",2,"c00de7a0-0b09-4e07-988c-ef2a7f8e932a"
"13",28545701,"5",101399949,"TRA",2,"c00de7a0-0b09-4e07-988c-ef2a7f8e932a"
"13",29930078,"5",148716581,"TRA",2,"c00de7a0-0b09-4e07-988c-ef2a7f8e932a"
"13",35862863,"5",141062590,"TRA",2,"c00de7a0-0b09-4e07-988c-ef2a7f8e932a"
"13",37662474,"5",160883181,"TRA",2,"c00de7a0-0b09-4e07-988c-ef2a7f8e932a"
"13",38556785,"5",124825719,"TRA",2,"c00de7a0-0b09-4e07-988c-ef2a7f8e932a"
"13",38850366,"5",101818279,"TRA",2,"c00de7a0-0b09-4e07-988c-ef2a7f8e932a"
"13",41238743,"5",149499811,"TRA",2,"c00de7a0-0b09-4e07-988c-ef2a7f8e932a"
"13",42098768,"5",122922519,"TRA",2,"c00de7a0-0b09-4e07-988c-ef2a7f8e932a"
"13",42113255,"5",102043471,"TRA",2,"c00de7a0-0b09-4e07-988c-ef2a7f8e932a"
"13",42378759,"5",35796887,"TRA",2,"c00de7a0-0b09-4e07-988c-ef2a7f8e932a"
"13",44787589,"5",103801509,"TRA",2,"c00de7a0-0b09-4e07-988c-ef2a7f8e932a"
"13",45361850,"5",159637140,"TRA",2,"c00de7a0-0b09-4e07-988c-ef2a7f8e932a"
"13",45745215,"5",95257132,"TRA",2,"c00de7a0-0b09-4e07-988c-ef2a7f8e932a"
"13",48595430,"5",160882165,"TRA",2,"c00de7a0-0b09-4e07-988c-ef2a7f8e932a"
"13",48766740,"5",123218995,"TRA",2,"c00de7a0-0b09-4e07-988c-ef2a7f8e932a"
"13",48923161,"5",83235132,"TRA",2,"c00de7a0-0b09-4e07-988c-ef2a7f8e932a"
"13",49205335,"5",142896328,"TRA",2,"c00de7a0-0b09-4e07-988c-ef2a7f8e932a"
"13",49243664,"5",107722258,"TRA",2,"c00de7a0-0b09-4e07-988c-ef2a7f8e932a"
"13",51017682,"5",147550677,"TRA",2,"c00de7a0-0b09-4e07-988c-ef2a7f8e932a"
"13",51856676,"5",81098432,"TRA",2,"c00de7a0-0b09-4e07-988c-ef2a7f8e932a"
"13",52075800,"5",12684973,"TRA",2,"c00de7a0-0b09-4e07-988c-ef2a7f8e932a"
"13",52486557,"5",129985482,"TRA",2,"c00de7a0-0b09-4e07-988c-ef2a7f8e932a"
"13",52577857,"5",103758061,"TRA",2,"c00de7a0-0b09-4e07-988c-ef2a7f8e932a"
"13",52688708,"5",1305349,"TRA",2,"c00de7a0-0b09-4e07-988c-ef2a7f8e932a"
"13",52979448,"5",110419331,"TRA",2,"c00de7a0-0b09-4e07-988c-ef2a7f8e932a"
"13",54155832,"5",173770982,"TRA",2,"c00de7a0-0b09-4e07-988c-ef2a7f8e932a"
"13",54450289,"5",6299978,"TRA",2,"c00de7a0-0b09-4e07-988c-ef2a7f8e932a"
"13",55387172,"5",85804137,"TRA",2,"c00de7a0-0b09-4e07-988c-ef2a7f8e932a"
"13",55463937,"5",141711639,"TRA",2,"c00de7a0-0b09-4e07-988c-ef2a7f8e932a"
"13",55583999,"5",145470989,"TRA",2,"c00de7a0-0b09-4e07-988c-ef2a7f8e932a"
"13",55596597,"5",129308457,"TRA",2,"c00de7a0-0b09-4e07-988c-ef2a7f8e932a"
"13",55829306,"5",145474892,"TRA",2,"c00de7a0-0b09-4e07-988c-ef2a7f8e932a"
"13",55985938,"5",95748940,"TRA",2,"c00de7a0-0b09-4e07-988c-ef2a7f8e932a"
"13",55997688,"5",174343198,"TRA",2,"c00de7a0-0b09-4e07-988c-ef2a7f8e932a"
"13",56150279,"5",55289311,"TRA",2,"c00de7a0-0b09-4e07-988c-ef2a7f8e932a"
"13",56721590,"5",160418939,"TRA",2,"c00de7a0-0b09-4e07-988c-ef2a7f8e932a"
"13",57973801,"5",86910902,"TRA",2,"c00de7a0-0b09-4e07-988c-ef2a7f8e932a"
"13",59000148,"5",165857085,"TRA",2,"c00de7a0-0b09-4e07-988c-ef2a7f8e932a"
"13",59003200,"5",90751460,"TRA",2,"c00de7a0-0b09-4e07-988c-ef2a7f8e932a"
"13",60071546,"5",134171985,"TRA",2,"c00de7a0-0b09-4e07-988c-ef2a7f8e932a"
"13",60103734,"5",91613120,"TRA",2,"c00de7a0-0b09-4e07-988c-ef2a7f8e932a"
"13",60180256,"5",144113491,"TRA",2,"c00de7a0-0b09-4e07-988c-ef2a7f8e932a"
"13",64680205,"5",9724717,"TRA",2,"c00de7a0-0b09-4e07-988c-ef2a7f8e932a"
"13",65377477,"5",116318243,"TRA",2,"c00de7a0-0b09-4e07-988c-ef2a7f8e932a"
"13",66669267,"5",616709,"TRA",2,"c00de7a0-0b09-4e07-988c-ef2a7f8e932a"
"13",66745984,"5",55229643,"TRA",2,"c00de7a0-0b09-4e07-988c-ef2a7f8e932a"
"13",66746107,"5",145568891,"TRA",2,"c00de7a0-0b09-4e07-988c-ef2a7f8e932a"
"13",67171785,"5",78650824,"TRA",2,"c00de7a0-0b09-4e07-988c-ef2a7f8e932a"
"13",72349154,"5",64972199,"TRA",2,"c00de7a0-0b09-4e07-988c-ef2a7f8e932a"
"13",73110081,"5",143717230,"TRA",2,"c00de7a0-0b09-4e07-988c-ef2a7f8e932a"
"13",74875167,"5",156538047,"TRA",2,"c00de7a0-0b09-4e07-988c-ef2a7f8e932a"
"13",77750411,"5",133198860,"TRA",2,"c00de7a0-0b09-4e07-988c-ef2a7f8e932a"
"13",79188086,"5",103669420,"TRA",2,"c00de7a0-0b09-4e07-988c-ef2a7f8e932a"
"13",79188228,"5",130105809,"TRA",2,"c00de7a0-0b09-4e07-988c-ef2a7f8e932a"
"13",81127893,"5",131315058,"TRA",2,"c00de7a0-0b09-4e07-988c-ef2a7f8e932a"
"13",88241706,"5",122920958,"TRA",2,"c00de7a0-0b09-4e07-988c-ef2a7f8e932a"
"13",88308045,"5",121382928,"TRA",2,"c00de7a0-0b09-4e07-988c-ef2a7f8e932a"
"13",90765361,"5",130614891,"TRA",2,"c00de7a0-0b09-4e07-988c-ef2a7f8e932a"
"13",91380766,"5",6352475,"TRA",2,"c00de7a0-0b09-4e07-988c-ef2a7f8e932a"
"13",91386531,"5",156432295,"TRA",2,"c00de7a0-0b09-4e07-988c-ef2a7f8e932a"
"13",91410047,"5",162121687,"TRA",2,"c00de7a0-0b09-4e07-988c-ef2a7f8e932a"
"13",91711245,"5",83105614,"TRA",2,"c00de7a0-0b09-4e07-988c-ef2a7f8e932a"
"13",91764850,"5",5961399,"TRA",2,"c00de7a0-0b09-4e07-988c-ef2a7f8e932a"
"13",91773272,"5",89759881,"TRA",2,"c00de7a0-0b09-4e07-988c-ef2a7f8e932a"
"13",91788309,"5",126934514,"TRA",2,"c00de7a0-0b09-4e07-988c-ef2a7f8e932a"
"13",91789547,"5",55895247,"TRA",2,"c00de7a0-0b09-4e07-988c-ef2a7f8e932a"
"13",91852145,"5",101991337,"TRA",2,"c00de7a0-0b09-4e07-988c-ef2a7f8e932a"
"13",92070152,"5",145819063,"TRA",2,"c00de7a0-0b09-4e07-988c-ef2a7f8e932a"
"13",97989011,"5",56541265,"TRA",2,"c00de7a0-0b09-4e07-988c-ef2a7f8e932a"
"13",98289826,"5",95719189,"TRA",2,"c00de7a0-0b09-4e07-988c-ef2a7f8e932a"
"13",98369965,"5",80252422,"TRA",2,"c00de7a0-0b09-4e07-988c-ef2a7f8e932a"
"13",103248617,"13",113681698,"t2tINV",2,"c00de7a0-0b09-4e07-988c-ef2a7f8e932a"
"13",109078527,"13",113987910,"h2hINV",2,"c00de7a0-0b09-4e07-988c-ef2a7f8e932a"
"13",20416021,"13",35891737,"DUP",2,"c00de7a0-0b09-4e07-988c-ef2a7f8e932a"
"13",20626055,"13",70675613,"DEL",2,"c00de7a0-0b09-4e07-988c-ef2a7f8e932a"
"13",20756645,"13",45749355,"DEL",2,"c00de7a0-0b09-4e07-988c-ef2a7f8e932a"
"13",23469628,"13",25614255,"t2tINV",2,"c00de7a0-0b09-4e07-988c-ef2a7f8e932a"
"13",23648194,"13",54154703,"DEL",2,"c00de7a0-0b09-4e07-988c-ef2a7f8e932a"
"13",23714530,"13",70691969,"DUP",2,"c00de7a0-0b09-4e07-988c-ef2a7f8e932a"
"13",25407218,"13",111657724,"t2tINV",2,"c00de7a0-0b09-4e07-988c-ef2a7f8e932a"
"13",29970821,"13",102297181,"h2hINV",2,"c00de7a0-0b09-4e07-988c-ef2a7f8e932a"
"13",33087465,"13",75464753,"DUP",2,"c00de7a0-0b09-4e07-988c-ef2a7f8e932a"
"13",33089744,"13",54632207,"h2hINV",2,"c00de7a0-0b09-4e07-988c-ef2a7f8e932a"
"13",38726413,"13",105366444,"h2hINV",2,"c00de7a0-0b09-4e07-988c-ef2a7f8e932a"
"13",38815959,"13",49390071,"t2tINV",2,"c00de7a0-0b09-4e07-988c-ef2a7f8e932a"
"13",40602509,"13",107738971,"h2hINV",2,"c00de7a0-0b09-4e07-988c-ef2a7f8e932a"
"13",41499003,"13",76435371,"h2hINV",2,"c00de7a0-0b09-4e07-988c-ef2a7f8e932a"
"13",42670140,"13",77883844,"DUP",2,"c00de7a0-0b09-4e07-988c-ef2a7f8e932a"
"13",43163305,"13",88222563,"DEL",2,"c00de7a0-0b09-4e07-988c-ef2a7f8e932a"
"13",44623951,"13",100650863,"t2tINV",2,"c00de7a0-0b09-4e07-988c-ef2a7f8e932a"
"13",44650628,"13",83165394,"DUP",2,"c00de7a0-0b09-4e07-988c-ef2a7f8e932a"
"13",45316970,"13",46160236,"DUP",2,"c00de7a0-0b09-4e07-988c-ef2a7f8e932a"
"13",45356964,"13",96558787,"t2tINV",2,"c00de7a0-0b09-4e07-988c-ef2a7f8e932a"
"13",45469839,"13",94298030,"DUP",2,"c00de7a0-0b09-4e07-988c-ef2a7f8e932a"
"13",45503547,"13",88254215,"DEL",2,"c00de7a0-0b09-4e07-988c-ef2a7f8e932a"
"13",48966734,"13",107726413,"t2tINV",2,"c00de7a0-0b09-4e07-988c-ef2a7f8e932a"
"13",48967061,"13",56883827,"h2hINV",2,"c00de7a0-0b09-4e07-988c-ef2a7f8e932a"
"13",48975790,"13",53010472,"DEL",2,"c00de7a0-0b09-4e07-988c-ef2a7f8e932a"
"13",49364099,"13",103284701,"DUP",2,"c00de7a0-0b09-4e07-988c-ef2a7f8e932a"
"13",49394887,"13",54372868,"h2hINV",2,"c00de7a0-0b09-4e07-988c-ef2a7f8e932a"
"13",49719382,"13",73316392,"h2hINV",2,"c00de7a0-0b09-4e07-988c-ef2a7f8e932a"
"13",50655395,"13",59208340,"DUP",2,"c00de7a0-0b09-4e07-988c-ef2a7f8e932a"
"13",52483339,"13",107702864,"t2tINV",2,"c00de7a0-0b09-4e07-988c-ef2a7f8e932a"
"13",52667809,"13",56153693,"t2tINV",2,"c00de7a0-0b09-4e07-988c-ef2a7f8e932a"
"13",53043245,"13",94296270,"DEL",2,"c00de7a0-0b09-4e07-988c-ef2a7f8e932a"
"13",54073183,"13",86605193,"t2tINV",2,"c00de7a0-0b09-4e07-988c-ef2a7f8e932a"
"13",54364543,"13",109074559,"t2tINV",2,"c00de7a0-0b09-4e07-988c-ef2a7f8e932a"
"13",55075981,"13",86547953,"t2tINV",2,"c00de7a0-0b09-4e07-988c-ef2a7f8e932a"
"13",55988487,"13",61244237,"h2hINV",2,"c00de7a0-0b09-4e07-988c-ef2a7f8e932a"
"13",56131290,"13",98352158,"t2tINV",2,"c00de7a0-0b09-4e07-988c-ef2a7f8e932a"
"13",56282926,"13",74863262,"DEL",2,"c00de7a0-0b09-4e07-988c-ef2a7f8e932a"
"13",59207550,"13",59208790,"t2tINV",2,"c00de7a0-0b09-4e07-988c-ef2a7f8e932a"
"13",59429040,"13",105167807,"DEL",2,"c00de7a0-0b09-4e07-988c-ef2a7f8e932a"
"13",60243081,"13",64557989,"DEL",2,"c00de7a0-0b09-4e07-988c-ef2a7f8e932a"
"13",61054873,"13",63287103,"DEL",2,"c00de7a0-0b09-4e07-988c-ef2a7f8e932a"
"13",72792309,"13",91376110,"DEL",2,"c00de7a0-0b09-4e07-988c-ef2a7f8e932a"
"13",72794677,"13",102288226,"h2hINV",2,"c00de7a0-0b09-4e07-988c-ef2a7f8e932a"
"13",73110304,"13",109078527,"h2hINV",2,"c00de7a0-0b09-4e07-988c-ef2a7f8e932a"
"13",74491423,"13",83136615,"t2tINV",2,"c00de7a0-0b09-4e07-988c-ef2a7f8e932a"
"13",74850951,"13",105627709,"DEL",2,"c00de7a0-0b09-4e07-988c-ef2a7f8e932a"
"13",74877571,"13",91378123,"h2hINV",2,"c00de7a0-0b09-4e07-988c-ef2a7f8e932a"
"13",76274348,"13",83115796,"DUP",2,"c00de7a0-0b09-4e07-988c-ef2a7f8e932a"
"13",83060596,"13",105697099,"DUP",2,"c00de7a0-0b09-4e07-988c-ef2a7f8e932a"
"13",83356399,"13",102399970,"t2tINV",2,"c00de7a0-0b09-4e07-988c-ef2a7f8e932a"
"13",83358605,"13",107921207,"DEL",2,"c00de7a0-0b09-4e07-988c-ef2a7f8e932a"
"13",86609434,"13",102315013,"h2hINV",2,"c00de7a0-0b09-4e07-988c-ef2a7f8e932a"
"13",86624252,"13",107933999,"h2hINV",2,"c00de7a0-0b09-4e07-988c-ef2a7f8e932a"
"13",91413652,"13",112020327,"t2tINV",2,"c00de7a0-0b09-4e07-988c-ef2a7f8e932a"
"13",94291453,"13",111400539,"DUP",2,"c00de7a0-0b09-4e07-988c-ef2a7f8e932a"
"13",94344096,"13",111400144,"DEL",2,"c00de7a0-0b09-4e07-988c-ef2a7f8e932a"
"5",102042367,"5",156543530,"DUP",2,"c00de7a0-0b09-4e07-988c-ef2a7f8e932a"
"5",103669420,"5",130105809,"t2tINV",2,"c00de7a0-0b09-4e07-988c-ef2a7f8e932a"
"5",103747958,"5",150583698,"DEL",2,"c00de7a0-0b09-4e07-988c-ef2a7f8e932a"
"5",107652648,"5",166279167,"h2hINV",2,"c00de7a0-0b09-4e07-988c-ef2a7f8e932a"
"5",108471607,"5",154438033,"DUP",2,"c00de7a0-0b09-4e07-988c-ef2a7f8e932a"
"5",116337138,"5",173742630,"DEL",2,"c00de7a0-0b09-4e07-988c-ef2a7f8e932a"
"5",118622586,"5",143943057,"DUP",2,"c00de7a0-0b09-4e07-988c-ef2a7f8e932a"
"5",12345236,"5",149140247,"t2tINV",2,"c00de7a0-0b09-4e07-988c-ef2a7f8e932a"
"5",126850348,"5",141758319,"DUP",2,"c00de7a0-0b09-4e07-988c-ef2a7f8e932a"
"5",129308843,"5",143840435,"DEL",2,"c00de7a0-0b09-4e07-988c-ef2a7f8e932a"
"5",129966985,"5",162197618,"h2hINV",2,"c00de7a0-0b09-4e07-988c-ef2a7f8e932a"
"5",130366059,"5",160821750,"DEL",2,"c00de7a0-0b09-4e07-988c-ef2a7f8e932a"
"5",130430114,"5",150556364,"t2tINV",2,"c00de7a0-0b09-4e07-988c-ef2a7f8e932a"
"5",130798430,"5",157603113,"DEL",2,"c00de7a0-0b09-4e07-988c-ef2a7f8e932a"
"5",131310982,"5",157607280,"h2hINV",2,"c00de7a0-0b09-4e07-988c-ef2a7f8e932a"
"5",131338750,"5",154912615,"h2hINV",2,"c00de7a0-0b09-4e07-988c-ef2a7f8e932a"
"5",131371140,"5",150764766,"h2hINV",2,"c00de7a0-0b09-4e07-988c-ef2a7f8e932a"
"5",138841302,"5",139239810,"DUP",2,"c00de7a0-0b09-4e07-988c-ef2a7f8e932a"
"5",2825934,"5",104701543,"t2tINV",2,"c00de7a0-0b09-4e07-988c-ef2a7f8e932a"
"5",2826543,"5",138904640,"DUP",2,"c00de7a0-0b09-4e07-988c-ef2a7f8e932a"
"5",2837822,"5",145636729,"t2tINV",2,"c00de7a0-0b09-4e07-988c-ef2a7f8e932a"
"5",2845758,"5",56148577,"h2hINV",2,"c00de7a0-0b09-4e07-988c-ef2a7f8e932a"
"5",50045830,"5",165989418,"DUP",2,"c00de7a0-0b09-4e07-988c-ef2a7f8e932a"
"5",50556890,"5",145710570,"h2hINV",2,"c00de7a0-0b09-4e07-988c-ef2a7f8e932a"
"5",56477739,"5",160795229,"DUP",2,"c00de7a0-0b09-4e07-988c-ef2a7f8e932a"
"5",56545197,"5",96275701,"DUP",2,"c00de7a0-0b09-4e07-988c-ef2a7f8e932a"
"5",62872929,"5",145463084,"t2tINV",2,"c00de7a0-0b09-4e07-988c-ef2a7f8e932a"
"5",62877253,"5",174411985,"h2hINV",2,"c00de7a0-0b09-4e07-988c-ef2a7f8e932a"
"5",6569332,"5",113593724,"DEL",2,"c00de7a0-0b09-4e07-988c-ef2a7f8e932a"
"5",80191287,"5",101813128,"t2tINV",2,"c00de7a0-0b09-4e07-988c-ef2a7f8e932a"
"5",83286160,"5",154910161,"DEL",2,"c00de7a0-0b09-4e07-988c-ef2a7f8e932a"
"5",83316885,"5",89727336,"t2tINV",2,"c00de7a0-0b09-4e07-988c-ef2a7f8e932a"
"5",85372465,"5",104813695,"DEL",2,"c00de7a0-0b09-4e07-988c-ef2a7f8e932a"
"5",86674922,"5",160775092,"DUP",2,"c00de7a0-0b09-4e07-988c-ef2a7f8e932a"
"5",88862333,"5",143950221,"t2tINV",2,"c00de7a0-0b09-4e07-988c-ef2a7f8e932a"
"5",90758103,"5",142959595,"DUP",2,"c00de7a0-0b09-4e07-988c-ef2a7f8e932a"
"5",9094330,"5",160979496,"DUP",2,"c00de7a0-0b09-4e07-988c-ef2a7f8e932a"
"5",928959,"5",91558595,"DUP",2,"c00de7a0-0b09-4e07-988c-ef2a7f8e932a"
"5",94914088,"5",139168092,"t2tINV",2,"c00de7a0-0b09-4e07-988c-ef2a7f8e932a"
"5",9777371,"5",154239332,"DEL",2,"c00de7a0-0b09-4e07-988c-ef2a7f8e932a"
"10",100216073,"20",39587637,"TRA",2,"fc8130df-897d-5404-e040-11ac0d485e0a"
"10",100468099,"20",39580661,"TRA",2,"fc8130df-897d-5404-e040-11ac0d485e0a"
"14",84058474,"20",56949597,"TRA",2,"fc8130df-897d-5404-e040-11ac0d485e0a"
"14",84061155,"9",78248293,"TRA",2,"fc8130df-897d-5404-e040-11ac0d485e0a"
"14",84064885,"16",8387565,"TRA",2,"fc8130df-897d-5404-e040-11ac0d485e0a"
"14",84756026,"9",17845641,"TRA",2,"fc8130df-897d-5404-e040-11ac0d485e0a"
"14",84757477,"20",61953502,"TRA",2,"fc8130df-897d-5404-e040-11ac0d485e0a"
"14",84757760,"6",18810314,"TRA",2,"fc8130df-897d-5404-e040-11ac0d485e0a"
"14",84761760,"6",19031666,"TRA",2,"fc8130df-897d-5404-e040-11ac0d485e0a"
"14",85008501,"9",79325060,"TRA",2,"fc8130df-897d-5404-e040-11ac0d485e0a"
"14",85014789,"6",18882848,"TRA",2,"fc8130df-897d-5404-e040-11ac0d485e0a"
"14",85035582,"6",19031470,"TRA",2,"fc8130df-897d-5404-e040-11ac0d485e0a"
"14",85122084,"9",17489343,"TRA",2,"fc8130df-897d-5404-e040-11ac0d485e0a"
"14",87188236,"20",57240186,"TRA",2,"fc8130df-897d-5404-e040-11ac0d485e0a"
"16",8306899,"9",78639132,"TRA",2,"fc8130df-897d-5404-e040-11ac0d485e0a"
"16",8382899,"9",18236262,"TRA",2,"fc8130df-897d-5404-e040-11ac0d485e0a"
"16",8388906,"20",60462865,"TRA",2,"fc8130df-897d-5404-e040-11ac0d485e0a"
"17",11957448,"2",204331157,"TRA",2,"fc8130df-897d-5404-e040-11ac0d485e0a"
"17",12743070,"2",159859008,"TRA",2,"fc8130df-897d-5404-e040-11ac0d485e0a"
"2",132983878,"3",183984139,"TRA",2,"fc8130df-897d-5404-e040-11ac0d485e0a"
"2",132986932,"3",122059880,"TRA",2,"fc8130df-897d-5404-e040-11ac0d485e0a"
"2",133022956,"3",115607125,"TRA",2,"fc8130df-897d-5404-e040-11ac0d485e0a"
"2",133023627,"3",114027463,"TRA",2,"fc8130df-897d-5404-e040-11ac0d485e0a"
"2",133868380,"3",51771840,"TRA",2,"fc8130df-897d-5404-e040-11ac0d485e0a"
"2",133868427,"3",11129870,"TRA",2,"fc8130df-897d-5404-e040-11ac0d485e0a"
"2",133872701,"3",173688755,"TRA",2,"fc8130df-897d-5404-e040-11ac0d485e0a"
"2",133872731,"3",122052309,"TRA",2,"fc8130df-897d-5404-e040-11ac0d485e0a"
"2",175434360,"3",114048629,"TRA",2,"fc8130df-897d-5404-e040-11ac0d485e0a"
"2",175434373,"3",58746094,"TRA",2,"fc8130df-897d-5404-e040-11ac0d485e0a"
"2",175444292,"3",192037024,"TRA",2,"fc8130df-897d-5404-e040-11ac0d485e0a"
"2",206343906,"7",147046679,"TRA",2,"fc8130df-897d-5404-e040-11ac0d485e0a"
"2",206352153,"7",150756991,"TRA",2,"fc8130df-897d-5404-e040-11ac0d485e0a"
"2",206357295,"7",151977079,"TRA",2,"fc8130df-897d-5404-e040-11ac0d485e0a"
"2",206512424,"7",150745307,"TRA",2,"fc8130df-897d-5404-e040-11ac0d485e0a"
"2",206816196,"7",158513295,"TRA",2,"fc8130df-897d-5404-e040-11ac0d485e0a"
"2",207532163,"7",153300216,"TRA",2,"fc8130df-897d-5404-e040-11ac0d485e0a"
"2",217078013,"7",150757437,"TRA",2,"fc8130df-897d-5404-e040-11ac0d485e0a"
"2",217094365,"7",151385020,"TRA",2,"fc8130df-897d-5404-e040-11ac0d485e0a"
"2",226023733,"3",136622557,"TRA",2,"fc8130df-897d-5404-e040-11ac0d485e0a"
"2",226042252,"3",139036368,"TRA",2,"fc8130df-897d-5404-e040-11ac0d485e0a"
"2",228092964,"3",139681038,"TRA",2,"fc8130df-897d-5404-e040-11ac0d485e0a"
"2",232428788,"3",114090851,"TRA",2,"fc8130df-897d-5404-e040-11ac0d485e0a"
"2",232479721,"3",114050530,"TRA",2,"fc8130df-897d-5404-e040-11ac0d485e0a"
"2",232479740,"3",120560293,"TRA",2,"fc8130df-897d-5404-e040-11ac0d485e0a"
"2",232488929,"3",196386139,"TRA",2,"fc8130df-897d-5404-e040-11ac0d485e0a"
"2",233749680,"7",150744003,"TRA",2,"fc8130df-897d-5404-e040-11ac0d485e0a"
"2",234862822,"3",58741538,"TRA",2,"fc8130df-897d-5404-e040-11ac0d485e0a"
"2",234870824,"3",51770842,"TRA",2,"fc8130df-897d-5404-e040-11ac0d485e0a"
"2",236330151,"7",150744799,"TRA",2,"fc8130df-897d-5404-e040-11ac0d485e0a"
"2",236694449,"7",151966087,"TRA",2,"fc8130df-897d-5404-e040-11ac0d485e0a"
"2",238404430,"7",147046634,"TRA",2,"fc8130df-897d-5404-e040-11ac0d485e0a"
"20",13487764,"9",104692153,"TRA",2,"fc8130df-897d-5404-e040-11ac0d485e0a"
"20",32594327,"6",10722119,"TRA",2,"fc8130df-897d-5404-e040-11ac0d485e0a"
"20",39542951,"6",15444722,"TRA",2,"fc8130df-897d-5404-e040-11ac0d485e0a"
"20",39543160,"9",104659056,"TRA",2,"fc8130df-897d-5404-e040-11ac0d485e0a"
"20",42820160,"9",105127174,"TRA",2,"fc8130df-897d-5404-e040-11ac0d485e0a"
"20",46858899,"6",28060809,"TRA",2,"fc8130df-897d-5404-e040-11ac0d485e0a"
"20",46859101,"6",28060856,"TRA",2,"fc8130df-897d-5404-e040-11ac0d485e0a"
"20",47031415,"9",97663957,"TRA",2,"fc8130df-897d-5404-e040-11ac0d485e0a"
"20",50132552,"9",80416789,"TRA",2,"fc8130df-897d-5404-e040-11ac0d485e0a"
"20",50141702,"6",17958087,"TRA",2,"fc8130df-897d-5404-e040-11ac0d485e0a"
"20",50646345,"9",86047633,"TRA",2,"fc8130df-897d-5404-e040-11ac0d485e0a"
"20",53374782,"6",17430752,"TRA",2,"fc8130df-897d-5404-e040-11ac0d485e0a"
"20",54949075,"6",16289401,"TRA",2,"fc8130df-897d-5404-e040-11ac0d485e0a"
"20",56195410,"9",79021081,"TRA",2,"fc8130df-897d-5404-e040-11ac0d485e0a"
"20",56195719,"9",22863125,"TRA",2,"fc8130df-897d-5404-e040-11ac0d485e0a"
"20",56792122,"9",17756079,"TRA",2,"fc8130df-897d-5404-e040-11ac0d485e0a"
"20",56846251,"9",80508022,"TRA",2,"fc8130df-897d-5404-e040-11ac0d485e0a"
"20",57650387,"9",87445216,"TRA",2,"fc8130df-897d-5404-e040-11ac0d485e0a"
"20",57677062,"9",104877667,"TRA",2,"fc8130df-897d-5404-e040-11ac0d485e0a"
"20",57883412,"9",75584749,"TRA",2,"fc8130df-897d-5404-e040-11ac0d485e0a"
"20",58142861,"6",10749968,"TRA",2,"fc8130df-897d-5404-e040-11ac0d485e0a"
"20",58144140,"6",10720569,"TRA",2,"fc8130df-897d-5404-e040-11ac0d485e0a"
"20",58173505,"6",8643517,"TRA",2,"fc8130df-897d-5404-e040-11ac0d485e0a"
"20",59171377,"6",2161387,"TRA",2,"fc8130df-897d-5404-e040-11ac0d485e0a"
"20",59172835,"6",5113539,"TRA",2,"fc8130df-897d-5404-e040-11ac0d485e0a"
"20",59189020,"6",4700049,"TRA",2,"fc8130df-897d-5404-e040-11ac0d485e0a"
"20",60463989,"9",100189179,"TRA",2,"fc8130df-897d-5404-e040-11ac0d485e0a"
"20",60969225,"6",15563340,"TRA",2,"fc8130df-897d-5404-e040-11ac0d485e0a"
"20",61953501,"6",18810310,"TRA",2,"fc8130df-897d-5404-e040-11ac0d485e0a"
"20",61953913,"9",75574421,"TRA",2,"fc8130df-897d-5404-e040-11ac0d485e0a"
"6",15444643,"9",104659056,"TRA",2,"fc8130df-897d-5404-e040-11ac0d485e0a"
"6",18810305,"9",85284491,"TRA",2,"fc8130df-897d-5404-e040-11ac0d485e0a"
"6",18882854,"9",18236279,"TRA",2,"fc8130df-897d-5404-e040-11ac0d485e0a"
"6",18883411,"9",18229995,"TRA",2,"fc8130df-897d-5404-e040-11ac0d485e0a"
"6",19031252,"9",78438145,"TRA",2,"fc8130df-897d-5404-e040-11ac0d485e0a"
"6",19031265,"9",75629343,"TRA",2,"fc8130df-897d-5404-e040-11ac0d485e0a"
"6",19129920,"9",88189871,"TRA",2,"fc8130df-897d-5404-e040-11ac0d485e0a"
"6",27682640,"9",103051672,"TRA",2,"fc8130df-897d-5404-e040-11ac0d485e0a"
"6",7703871,"9",103055894,"TRA",2,"fc8130df-897d-5404-e040-11ac0d485e0a"
"14",84761806,"14",85035581,"DEL",2,"fc8130df-897d-5404-e040-11ac0d485e0a"
"14",84765538,"14",85765206,"t2tINV",2,"fc8130df-897d-5404-e040-11ac0d485e0a"
"14",85007035,"14",88311296,"DEL",2,"fc8130df-897d-5404-e040-11ac0d485e0a"
"2",143479927,"2",232473722,"DEL",2,"fc8130df-897d-5404-e040-11ac0d485e0a"
"2",170220274,"2",226018399,"h2hINV",2,"fc8130df-897d-5404-e040-11ac0d485e0a"
"2",205538898,"2",206346998,"DEL",2,"fc8130df-897d-5404-e040-11ac0d485e0a"
"2",205539348,"2",233739133,"DEL",2,"fc8130df-897d-5404-e040-11ac0d485e0a"
"2",205542580,"2",219253578,"DEL",2,"fc8130df-897d-5404-e040-11ac0d485e0a"
"2",205546970,"2",236708484,"DEL",2,"fc8130df-897d-5404-e040-11ac0d485e0a"
"2",205549530,"2",219868611,"t2tINV",2,"fc8130df-897d-5404-e040-11ac0d485e0a"
"2",206351891,"2",206513619,"DEL",2,"fc8130df-897d-5404-e040-11ac0d485e0a"
"2",206402614,"2",233750156,"t2tINV",2,"fc8130df-897d-5404-e040-11ac0d485e0a"
"2",206806624,"2",235761984,"h2hINV",2,"fc8130df-897d-5404-e040-11ac0d485e0a"
"2",206806657,"2",235764374,"t2tINV",2,"fc8130df-897d-5404-e040-11ac0d485e0a"
"2",206816473,"2",238998877,"t2tINV",2,"fc8130df-897d-5404-e040-11ac0d485e0a"
"2",217086226,"2",219865714,"DUP",2,"fc8130df-897d-5404-e040-11ac0d485e0a"
"2",217679677,"2",238405817,"DEL",2,"fc8130df-897d-5404-e040-11ac0d485e0a"
"2",219252118,"2",239003903,"DEL",2,"fc8130df-897d-5404-e040-11ac0d485e0a"
"2",219383380,"2",233748741,"DUP",2,"fc8130df-897d-5404-e040-11ac0d485e0a"
"2",233750745,"2",238982494,"DEL",2,"fc8130df-897d-5404-e040-11ac0d485e0a"
"20",13487328,"20",61289432,"DEL",2,"fc8130df-897d-5404-e040-11ac0d485e0a"
"20",13489045,"20",61814088,"DEL",2,"fc8130df-897d-5404-e040-11ac0d485e0a"
"20",14574558,"20",15628813,"t2tINV",2,"fc8130df-897d-5404-e040-11ac0d485e0a"
"20",14831497,"20",36172669,"h2hINV",2,"fc8130df-897d-5404-e040-11ac0d485e0a"
"20",15077383,"20",61285245,"t2tINV",2,"fc8130df-897d-5404-e040-11ac0d485e0a"
"20",15094124,"20",35822185,"DEL",2,"fc8130df-897d-5404-e040-11ac0d485e0a"
"20",15313407,"20",56949404,"DUP",2,"fc8130df-897d-5404-e040-11ac0d485e0a"
"20",15478243,"20",61582354,"DEL",2,"fc8130df-897d-5404-e040-11ac0d485e0a"
"20",36386753,"20",39587763,"t2tINV",2,"fc8130df-897d-5404-e040-11ac0d485e0a"
"20",39544351,"20",61814906,"h2hINV",2,"fc8130df-897d-5404-e040-11ac0d485e0a"
"20",44455944,"20",55523605,"DUP",2,"fc8130df-897d-5404-e040-11ac0d485e0a"
"20",48087208,"20",50730987,"t2tINV",2,"fc8130df-897d-5404-e040-11ac0d485e0a"
"20",48731368,"20",52957499,"DUP",2,"fc8130df-897d-5404-e040-11ac0d485e0a"
"20",49128734,"20",56915571,"h2hINV",2,"fc8130df-897d-5404-e040-11ac0d485e0a"
"20",50131990,"20",53125886,"DEL",2,"fc8130df-897d-5404-e040-11ac0d485e0a"
"20",50145117,"20",51965051,"DUP",2,"fc8130df-897d-5404-e040-11ac0d485e0a"
"20",50145125,"20",50145299,"h2hINV",2,"fc8130df-897d-5404-e040-11ac0d485e0a"
"20",50145126,"20",51965143,"h2hINV",2,"fc8130df-897d-5404-e040-11ac0d485e0a"
"20",50330557,"20",61597730,"h2hINV",2,"fc8130df-897d-5404-e040-11ac0d485e0a"
"20",52985871,"20",56846013,"h2hINV",2,"fc8130df-897d-5404-e040-11ac0d485e0a"
"20",55046328,"20",62399711,"DUP",2,"fc8130df-897d-5404-e040-11ac0d485e0a"
"20",55136419,"20",57300490,"t2tINV",2,"fc8130df-897d-5404-e040-11ac0d485e0a"
"20",57293827,"20",61290575,"DUP",2,"fc8130df-897d-5404-e040-11ac0d485e0a"
"20",58173584,"20",59173069,"t2tINV",2,"fc8130df-897d-5404-e040-11ac0d485e0a"
"20",58396392,"20",60460633,"h2hINV",2,"fc8130df-897d-5404-e040-11ac0d485e0a"
"20",59975956,"20",61392638,"t2tINV",2,"fc8130df-897d-5404-e040-11ac0d485e0a"
"20",60460355,"20",61390814,"t2tINV",2,"fc8130df-897d-5404-e040-11ac0d485e0a"
"20",61274516,"20",61289431,"h2hINV",2,"fc8130df-897d-5404-e040-11ac0d485e0a"
"3",101200724,"3",135950091,"t2tINV",2,"fc8130df-897d-5404-e040-11ac0d485e0a"
"3",107817858,"3",115537639,"t2tINV",2,"fc8130df-897d-5404-e040-11ac0d485e0a"
"3",107848759,"3",114077945,"h2hINV",2,"fc8130df-897d-5404-e040-11ac0d485e0a"
"3",11137339,"3",35335762,"h2hINV",2,"fc8130df-897d-5404-e040-11ac0d485e0a"
"3",112620947,"3",192038325,"h2hINV",2,"fc8130df-897d-5404-e040-11ac0d485e0a"
"3",115536865,"3",182767117,"DEL",2,"fc8130df-897d-5404-e040-11ac0d485e0a"
"3",115607206,"3",196395254,"DUP",2,"fc8130df-897d-5404-e040-11ac0d485e0a"
"3",12645945,"3",182766577,"DUP",2,"fc8130df-897d-5404-e040-11ac0d485e0a"
"3",12654277,"3",178381841,"h2hINV",2,"fc8130df-897d-5404-e040-11ac0d485e0a"
"3",135955208,"3",139686127,"h2hINV",2,"fc8130df-897d-5404-e040-11ac0d485e0a"
"3",139031205,"3",189506621,"t2tINV",2,"fc8130df-897d-5404-e040-11ac0d485e0a"
"3",27812003,"3",29982775,"DUP",2,"fc8130df-897d-5404-e040-11ac0d485e0a"
"3",27819359,"3",122052329,"DEL",2,"fc8130df-897d-5404-e040-11ac0d485e0a"
"3",33181928,"3",70139702,"DEL",2,"fc8130df-897d-5404-e040-11ac0d485e0a"
"3",35329700,"3",107861948,"t2tINV",2,"fc8130df-897d-5404-e040-11ac0d485e0a"
"3",38261915,"3",82559419,"DEL",2,"fc8130df-897d-5404-e040-11ac0d485e0a"
"3",51768991,"3",196396672,"t2tINV",2,"fc8130df-897d-5404-e040-11ac0d485e0a"
"3",51771002,"3",182692628,"t2tINV",2,"fc8130df-897d-5404-e040-11ac0d485e0a"
"3",56932314,"3",120379879,"DUP",2,"fc8130df-897d-5404-e040-11ac0d485e0a"
"3",56937171,"3",139674761,"DEL",2,"fc8130df-897d-5404-e040-11ac0d485e0a"
"3",58175041,"3",139686556,"t2tINV",2,"fc8130df-897d-5404-e040-11ac0d485e0a"
"3",62194717,"3",136616562,"t2tINV",2,"fc8130df-897d-5404-e040-11ac0d485e0a"
"6",15247633,"6",28628592,"h2hINV",2,"fc8130df-897d-5404-e040-11ac0d485e0a"
"6",16272771,"6",22564171,"t2tINV",2,"fc8130df-897d-5404-e040-11ac0d485e0a"
"6",2192498,"6",4670485,"h2hINV",2,"fc8130df-897d-5404-e040-11ac0d485e0a"
"6",2194083,"6",5014679,"h2hINV",2,"fc8130df-897d-5404-e040-11ac0d485e0a"
"6",2689363,"6",5015366,"DEL",2,"fc8130df-897d-5404-e040-11ac0d485e0a"
"6",2689640,"6",4670505,"t2tINV",2,"fc8130df-897d-5404-e040-11ac0d485e0a"
"6",4073498,"6",5013877,"DEL",2,"fc8130df-897d-5404-e040-11ac0d485e0a"
"6",4669750,"6",10751117,"DUP",2,"fc8130df-897d-5404-e040-11ac0d485e0a"
"6",4706302,"6",10714221,"DUP",2,"fc8130df-897d-5404-e040-11ac0d485e0a"
"6",5175677,"6",18646548,"DEL",2,"fc8130df-897d-5404-e040-11ac0d485e0a"
"6",5179515,"6",5191051,"DUP",2,"fc8130df-897d-5404-e040-11ac0d485e0a"
"6",5184478,"6",33282947,"h2hINV",2,"fc8130df-897d-5404-e040-11ac0d485e0a"
"6",5185860,"6",21265910,"t2tINV",2,"fc8130df-897d-5404-e040-11ac0d485e0a"
"6",6719961,"6",30170822,"DUP",2,"fc8130df-897d-5404-e040-11ac0d485e0a"
"12",40811811,"12",63685824,"h2hINV",2,"07f16397-71bb-4594-ad4d-caa7d2baeabd"
"12",40838496,"12",85876878,"t2tINV",2,"07f16397-71bb-4594-ad4d-caa7d2baeabd"
"12",57880298,"12",79679264,"DEL",2,"07f16397-71bb-4594-ad4d-caa7d2baeabd"
"12",57913369,"12",75990126,"DUP",2,"07f16397-71bb-4594-ad4d-caa7d2baeabd"
"12",58186526,"12",84277059,"h2hINV",2,"07f16397-71bb-4594-ad4d-caa7d2baeabd"
"12",58733374,"12",84798299,"h2hINV",2,"07f16397-71bb-4594-ad4d-caa7d2baeabd"
"12",58765498,"12",76273102,"DUP",2,"07f16397-71bb-4594-ad4d-caa7d2baeabd"
"12",60096330,"12",61334792,"DEL",2,"07f16397-71bb-4594-ad4d-caa7d2baeabd"
"12",60103801,"12",76003662,"t2tINV",2,"07f16397-71bb-4594-ad4d-caa7d2baeabd"
"12",60268309,"12",76276269,"t2tINV",2,"07f16397-71bb-4594-ad4d-caa7d2baeabd"
"12",61267911,"12",113574451,"h2hINV",2,"07f16397-71bb-4594-ad4d-caa7d2baeabd"
"12",61493864,"12",77460980,"h2hINV",2,"07f16397-71bb-4594-ad4d-caa7d2baeabd"
"12",61504985,"12",62826825,"t2tINV",2,"07f16397-71bb-4594-ad4d-caa7d2baeabd"
"12",62087829,"12",82789037,"DUP",2,"07f16397-71bb-4594-ad4d-caa7d2baeabd"
"12",62824790,"12",84669209,"h2hINV",2,"07f16397-71bb-4594-ad4d-caa7d2baeabd"
"12",63728735,"12",112420926,"DUP",2,"07f16397-71bb-4594-ad4d-caa7d2baeabd"
"12",75922214,"12",84251202,"h2hINV",2,"07f16397-71bb-4594-ad4d-caa7d2baeabd"
"12",75933890,"12",84685329,"t2tINV",2,"07f16397-71bb-4594-ad4d-caa7d2baeabd"
"12",76159062,"12",81754454,"t2tINV",2,"07f16397-71bb-4594-ad4d-caa7d2baeabd"
"12",76505740,"12",79870176,"DEL",2,"07f16397-71bb-4594-ad4d-caa7d2baeabd"
"12",77505987,"12",85554527,"t2tINV",2,"07f16397-71bb-4594-ad4d-caa7d2baeabd"
"12",77642720,"12",113578120,"DEL",2,"07f16397-71bb-4594-ad4d-caa7d2baeabd"
"12",81951307,"12",82798103,"DEL",2,"07f16397-71bb-4594-ad4d-caa7d2baeabd"
"12",82036313,"12",112603569,"DEL",2,"07f16397-71bb-4594-ad4d-caa7d2baeabd"
"3",162683868,"3",164887645,"DUP",2,"07f16397-71bb-4594-ad4d-caa7d2baeabd"
"3",163333052,"3",165861915,"h2hINV",2,"07f16397-71bb-4594-ad4d-caa7d2baeabd"
"3",163356828,"3",169237872,"t2tINV",2,"07f16397-71bb-4594-ad4d-caa7d2baeabd"
"3",164911990,"3",166732371,"t2tINV",2,"07f16397-71bb-4594-ad4d-caa7d2baeabd"
"3",165070708,"3",165886089,"DEL",2,"07f16397-71bb-4594-ad4d-caa7d2baeabd"
"3",165811327,"3",169204014,"DUP",2,"07f16397-71bb-4594-ad4d-caa7d2baeabd"
"3",166014632,"3",168958770,"DUP",2,"07f16397-71bb-4594-ad4d-caa7d2baeabd"
"3",166034663,"3",167031145,"h2hINV",2,"07f16397-71bb-4594-ad4d-caa7d2baeabd"
"3",166172667,"3",166708675,"h2hINV",2,"07f16397-71bb-4594-ad4d-caa7d2baeabd"
"3",166601405,"3",168387115,"DEL",2,"07f16397-71bb-4594-ad4d-caa7d2baeabd"
"3",167181961,"3",167208355,"t2tINV",2,"07f16397-71bb-4594-ad4d-caa7d2baeabd"
"3",167192819,"3",169192872,"DEL",2,"07f16397-71bb-4594-ad4d-caa7d2baeabd"
"3",168176592,"3",168758355,"h2hINV",2,"07f16397-71bb-4594-ad4d-caa7d2baeabd"
"5",162959920,"5",163052743,"h2hINV",2,"07f16397-71bb-4594-ad4d-caa7d2baeabd"
"5",30217747,"5",31829887,"DEL",2,"07f16397-71bb-4594-ad4d-caa7d2baeabd"
"5",30270609,"5",33119326,"t2tINV",2,"07f16397-71bb-4594-ad4d-caa7d2baeabd"
"5",30690804,"5",87833749,"DUP",2,"07f16397-71bb-4594-ad4d-caa7d2baeabd"
"5",31124615,"5",89475981,"DUP",2,"07f16397-71bb-4594-ad4d-caa7d2baeabd"
"5",33119302,"5",87169177,"h2hINV",2,"07f16397-71bb-4594-ad4d-caa7d2baeabd"
"5",86681419,"5",88382896,"DEL",2,"07f16397-71bb-4594-ad4d-caa7d2baeabd"
"5",86736451,"5",88609215,"DUP",2,"07f16397-71bb-4594-ad4d-caa7d2baeabd"
"5",87266390,"5",87904214,"t2tINV",2,"07f16397-71bb-4594-ad4d-caa7d2baeabd"
"5",87281742,"5",87849005,"DEL",2,"07f16397-71bb-4594-ad4d-caa7d2baeabd"
"5",87315420,"5",88627351,"t2tINV",2,"07f16397-71bb-4594-ad4d-caa7d2baeabd"
"5",88337927,"5",89544376,"h2hINV",2,"07f16397-71bb-4594-ad4d-caa7d2baeabd"
"5",89542690,"5",162981066,"t2tINV",2,"07f16397-71bb-4594-ad4d-caa7d2baeabd"
"5",89594905,"5",163056821,"t2tINV",2,"07f16397-71bb-4594-ad4d-caa7d2baeabd"
"6",64700081,"6",68329439,"h2hINV",2,"07f16397-71bb-4594-ad4d-caa7d2baeabd"
"6",64715212,"6",66585563,"t2tINV",2,"07f16397-71bb-4594-ad4d-caa7d2baeabd"
"6",64893505,"6",66636789,"DEL",2,"07f16397-71bb-4594-ad4d-caa7d2baeabd"
"6",64899315,"6",69355564,"h2hINV",2,"07f16397-71bb-4594-ad4d-caa7d2baeabd"
"6",66507605,"6",152466236,"t2tINV",2,"07f16397-71bb-4594-ad4d-caa7d2baeabd"
"6",68336279,"6",69360474,"t2tINV",2,"07f16397-71bb-4594-ad4d-caa7d2baeabd"
"7",10071207,"7",10317275,"h2hINV",2,"07f16397-71bb-4594-ad4d-caa7d2baeabd"
"7",11878764,"7",14177776,"DEL",2,"07f16397-71bb-4594-ad4d-caa7d2baeabd"
"7",12069175,"7",13792712,"h2hINV",2,"07f16397-71bb-4594-ad4d-caa7d2baeabd"
"7",7799683,"7",14173788,"h2hINV",2,"07f16397-71bb-4594-ad4d-caa7d2baeabd"
"7",7814299,"7",10075416,"DEL",2,"07f16397-71bb-4594-ad4d-caa7d2baeabd"
"7",7820156,"7",10333754,"t2tINV",2,"07f16397-71bb-4594-ad4d-caa7d2baeabd"
"7",8996371,"7",12142811,"DEL",2,"07f16397-71bb-4594-ad4d-caa7d2baeabd"
"X",126784598,"X",127167089,"DEL",2,"07f16397-71bb-4594-ad4d-caa7d2baeabd"
"X",126795453,"X",151552880,"t2tINV",2,"07f16397-71bb-4594-ad4d-caa7d2baeabd"
"X",127014172,"X",150341894,"h2hINV",2,"07f16397-71bb-4594-ad4d-caa7d2baeabd"
"X",127060095,"X",150679711,"DUP",2,"07f16397-71bb-4594-ad4d-caa7d2baeabd"
"X",127129975,"X",151521741,"h2hINV",2,"07f16397-71bb-4594-ad4d-caa7d2baeabd"
"X",128082700,"X",151334562,"DEL",2,"07f16397-71bb-4594-ad4d-caa7d2baeabd"
"X",128115083,"X",151303384,"DUP",2,"07f16397-71bb-4594-ad4d-caa7d2baeabd"
"X",150369485,"X",152936518,"DUP",2,"07f16397-71bb-4594-ad4d-caa7d2baeabd"
"X",150587756,"X",152948223,"DEL",2,"07f16397-71bb-4594-ad4d-caa7d2baeabd"
"X",150629021,"X",150691366,"t2tINV",2,"07f16397-71bb-4594-ad4d-caa7d2baeabd"
"10",106742509,"10",107010126,"h2hINV",2,"2b6d4d66-7f0b-4bc0-b3d6-171956a937c5"
"10",106824572,"10",106968137,"DUP",2,"2b6d4d66-7f0b-4bc0-b3d6-171956a937c5"
"10",106879798,"10",106978030,"DEL",2,"2b6d4d66-7f0b-4bc0-b3d6-171956a937c5"
"10",106882441,"10",110422732,"DUP",2,"2b6d4d66-7f0b-4bc0-b3d6-171956a937c5"
"10",107040678,"10",110477428,"t2tINV",2,"2b6d4d66-7f0b-4bc0-b3d6-171956a937c5"
"10",89522468,"10",108491245,"DEL",2,"2b6d4d66-7f0b-4bc0-b3d6-171956a937c5"
"12",102794911,"12",103998467,"DEL",2,"2b6d4d66-7f0b-4bc0-b3d6-171956a937c5"
"12",104097074,"12",117766161,"DEL",2,"2b6d4d66-7f0b-4bc0-b3d6-171956a937c5"
"12",104098226,"12",117766932,"DUP",2,"2b6d4d66-7f0b-4bc0-b3d6-171956a937c5"
"12",104098430,"12",117766165,"h2hINV",2,"2b6d4d66-7f0b-4bc0-b3d6-171956a937c5"
"12",117255805,"12",121388006,"h2hINV",2,"2b6d4d66-7f0b-4bc0-b3d6-171956a937c5"
"12",117736426,"12",121235448,"t2tINV",2,"2b6d4d66-7f0b-4bc0-b3d6-171956a937c5"
"12",80590487,"12",114852071,"DEL",2,"2b6d4d66-7f0b-4bc0-b3d6-171956a937c5"
"12",85943279,"12",93647052,"DUP",2,"2b6d4d66-7f0b-4bc0-b3d6-171956a937c5"
"12",85943480,"12",93817625,"DEL",2,"2b6d4d66-7f0b-4bc0-b3d6-171956a937c5"
"12",85983038,"12",103984089,"DEL",2,"2b6d4d66-7f0b-4bc0-b3d6-171956a937c5"
"12",87173884,"12",117766171,"DUP",2,"2b6d4d66-7f0b-4bc0-b3d6-171956a937c5"
"12",87174086,"12",117766983,"h2hINV",2,"2b6d4d66-7f0b-4bc0-b3d6-171956a937c5"
"12",93646881,"12",103984061,"t2tINV",2,"2b6d4d66-7f0b-4bc0-b3d6-171956a937c5"
"18",18907902,"18",20587171,"DEL",2,"2b6d4d66-7f0b-4bc0-b3d6-171956a937c5"
"18",2894904,"18",11879437,"DUP",2,"2b6d4d66-7f0b-4bc0-b3d6-171956a937c5"
"18",3960521,"18",7948629,"DEL",2,"2b6d4d66-7f0b-4bc0-b3d6-171956a937c5"
"18",3960858,"18",7390241,"DUP",2,"2b6d4d66-7f0b-4bc0-b3d6-171956a937c5"
"18",6049317,"18",20345475,"t2tINV",2,"2b6d4d66-7f0b-4bc0-b3d6-171956a937c5"
"18",6816143,"18",11646021,"t2tINV",2,"2b6d4d66-7f0b-4bc0-b3d6-171956a937c5"
"18",8081590,"18",10751173,"h2hINV",2,"2b6d4d66-7f0b-4bc0-b3d6-171956a937c5"
"18",8534108,"18",20344676,"DUP",2,"2b6d4d66-7f0b-4bc0-b3d6-171956a937c5"
"18",896559,"18",5114298,"h2hINV",2,"2b6d4d66-7f0b-4bc0-b3d6-171956a937c5"
"18",9852581,"18",10848767,"DEL",2,"2b6d4d66-7f0b-4bc0-b3d6-171956a937c5"
"18",9852996,"18",20586688,"DUP",2,"2b6d4d66-7f0b-4bc0-b3d6-171956a937c5"
"18",9948759,"18",21110916,"DUP",2,"2b6d4d66-7f0b-4bc0-b3d6-171956a937c5"
"6",25273615,"6",30448002,"DUP",2,"2b6d4d66-7f0b-4bc0-b3d6-171956a937c5"
"6",25273849,"6",30448457,"DEL",2,"2b6d4d66-7f0b-4bc0-b3d6-171956a937c5"
"6",28820972,"6",36131338,"t2tINV",2,"2b6d4d66-7f0b-4bc0-b3d6-171956a937c5"
"6",29245833,"6",32054353,"h2hINV",2,"2b6d4d66-7f0b-4bc0-b3d6-171956a937c5"
"6",29247710,"6",32340370,"DUP",2,"2b6d4d66-7f0b-4bc0-b3d6-171956a937c5"
"6",31473718,"6",62346185,"DUP",2,"2b6d4d66-7f0b-4bc0-b3d6-171956a937c5"
"X",141345604,"X",144657455,"DUP",2,"2b6d4d66-7f0b-4bc0-b3d6-171956a937c5"
"X",144638432,"X",144675109,"t2tINV",2,"2b6d4d66-7f0b-4bc0-b3d6-171956a937c5"
"X",144655564,"X",144675559,"DUP",2,"2b6d4d66-7f0b-4bc0-b3d6-171956a937c5"
"X",144655665,"X",144825631,"h2hINV",2,"2b6d4d66-7f0b-4bc0-b3d6-171956a937c5"
"X",144656031,"X",144816460,"t2tINV",2,"2b6d4d66-7f0b-4bc0-b3d6-171956a937c5"
"X",144657482,"X",144818542,"DEL",2,"2b6d4d66-7f0b-4bc0-b3d6-171956a937c5"
